"Title","Artist","TopGenre","Year","Beats Per Minute (BPM)","Energy","Danceability","Loudness (dB)","Liveness","Valence","Length (Duration)","Acousticness","Speechiness","Popularity"
"Cecilia","Simon & Garfunkel","rock",1970,103,88,76,-9,22,95,"175",36,4,73
"Streets of Philadelphia - Single Edit","Bruce Springsteen","rock",1995,94,29,74,-13,9,44,"195",29,3,70
"Everlong","Foo Fighters","alternative",1997,158,88,41,-6,8,36,"251",0,4,77
"Love Hurts","Nazareth","rock",1975,80,33,49,-12,33,14,"233",1,3,58
"Little Black Submarines","The Black Keys","alternative",2011,95,47,37,-8,11,49,"251",16,4,65
"About A Girl - Live Version","Nirvana","alternative",2019,121,76,61,-9,73,63,"218",14,7,50
"Fire","The Pointer Sisters","dance",1978,118,62,65,-9,8,64,"211",20,3,56
"Tonight, Tonight - Remastered 2012","The Smashing Pumpkins","alternative",1995,149,67,29,-9,24,22,"255",0,4,68
"Leave the Light On","Beth Hart","blues",2009,142,48,57,-6,10,16,"244",26,3,32
"Rebel Rebel - 2016 Remaster","David Bowie","rock",1974,126,69,64,-16,28,46,"275",21,5,74
"Zo Stil","BLØF","pop",2012,170,69,57,-7,11,78,"237",4,3,54
"See Emily Play","Pink Floyd","rock",1971,124,71,46,-9,13,41,"174",21,4,50
"Slapeloze Nachten","The Opposites","hip hop",2012,112,65,81,-7,15,81,"229",35,6,57
"You're so Vain","Carly Simon","oldies",1972,106,68,66,-8,8,65,"258",16,3,75
"That's Life","Frank Sinatra","oldies",1966,112,44,55,-14,44,63,"187",53,7,75
"Hard To Handle","The Black Crowes","rock",1990,104,79,59,-4,31,96,"188",0,4,68
"A Thing Called Love","Johnny Cash","country",1972,156,50,53,-11,26,79,"153",48,3,54
"I Want You Back","The Jackson 5","oldies",1993,98,54,64,-13,28,94,"181",49,3,65
"Original Sin","INXS","rock",2011,132,63,69,-7,6,74,"319",1,4,42
"Bridge Over Troubled Water","Simon & Garfunkel","rock",1970,80,21,15,-14,12,26,"293",82,3,71
"Dear Mama","2Pac","funk",1995,84,54,77,-7,13,32,"280",37,10,72
"Blauw","The Scene","rock",2007,135,75,51,-7,14,28,"236",0,3,47
"Still Loving You","Scorpions","rock",2011,104,61,28,-5,10,8,"403",0,3,72
"Highway to Hell","AC/DC","rock",1979,116,91,57,-5,16,42,"208",6,13,83
"The Wall Street Shuffle","10cc","rock",2004,98,50,52,-11,11,66,"242",16,3,46
"How Soon Is Now? - 2011 Remaster","The Smiths","dance",1984,191,93,40,-7,9,73,"408",0,6,70
"(I've Had) The Time of My Life - From Dirty Dancing Soundtrack","Bill Medley","rock",2004,109,78,70,-8,6,39,"289",9,5,70
"Somebody to Love","Jefferson Airplane","rock",1967,132,58,50,-9,32,65,"175",41,3,69
"You've Got a Friend","Carole King","oldies",1971,169,26,47,-11,12,46,"309",88,3,68
"Pure Morning","Placebo","alternative",1998,81,90,39,-7,11,20,"255",4,7,60
"Secret Garden","Bruce Springsteen","rock",1995,87,33,52,-14,12,12,"267",58,3,61
"Addicted To You","Avicii","dance",2013,128,79,57,-4,9,30,"148",5,5,69
"Fool To Cry - Remastered 2009","The Rolling Stones","rock",1976,68,45,44,-7,11,24,"305",89,4,55
"What About Us","P!nk","dance",2017,114,59,49,-6,9,19,"270",3,5,76
"Lavender","Marillion","rock",1992,138,55,33,-6,9,23,"224",31,3,51
"Beds Are Burning - Remastered","Midnight Oil","rock",1997,119,50,75,-9,9,34,"258",1,4,63
"You'll Never Walk Alone","Lee Towers","pop",1984,79,27,34,-16,26,14,"210",61,3,44
"All For Nothing","Kensington","pop",2014,152,86,46,-6,10,37,"289",0,7,47
"Stan","Eminem","hip hop",2000,80,77,78,-4,52,51,"404",4,24,75
"The Name Of The Game","ABBA","pop",1977,77,56,66,-9,6,62,"294",40,3,46
"Wonderful Life","Black","dance",1987,106,52,72,-12,21,82,"288",71,3,64
"You Do Something To Me","Paul Weller","pop",1995,73,34,44,-13,11,30,"219",48,3,58
"Diamonds","Rihanna","pop",2012,92,71,56,-5,11,39,"225",0,5,67
"The Best","Tina Turner","dance",1989,104,74,66,-10,12,75,"330",11,3,64
"The Sound of Silence - Acoustic Version","Simon & Garfunkel","rock",1964,107,22,53,-14,11,33,"185",84,3,75
"Africa","TOTO","rock",1982,93,37,67,-18,5,73,"296",26,3,84
"Duurt Te Lang","Davina Michelle","pop",2018,174,44,64,-14,9,15,"154",13,20,68
"Dichterbij Dan Ooit","BLØF","pop",2002,112,74,65,-7,23,52,"261",18,3,16
"The Weight - Remastered","The Band","rock",1968,144,55,63,-9,10,52,"274",37,5,72
"Holiday In Spain","Counting Crows","alternative",2012,126,32,65,-11,13,28,"233",66,3,56
"Why","Annie Lennox","pop",1992,91,47,53,-9,13,12,"294",28,2,64
"99 Luftballons","Nena","pop",1983,95,56,57,-7,11,50,"232",10,5,73
"Tuesday Afternoon (Forever Afternoon)","The Moody Blues","rock",2017,114,32,50,-13,24,30,"249",10,3,50
"Linger","The Cranberries","rock",1993,95,43,44,-15,14,20,"275",8,3,75
"Somewhere Only We Know","Keane","rock",2004,172,66,45,-4,8,37,"236",8,3,67
"Enter Sandman","Metallica","alternative",1991,123,82,58,-9,6,64,"332",0,3,74
"Yours Is No Disgrace - 2003 Remaster","Yes","rock",1971,141,63,41,-10,51,80,"581",0,6,43
"Welcome To The Jungle","Guns N' Roses","metal",1987,124,99,45,-4,27,32,"273",2,9,72
"Beautiful Noise","Neil Diamond","oldies",1996,127,35,53,-15,15,73,"193",12,3,57
"Smooth Operator - Single Version","Sade","soul",1994,119,58,73,-7,3,96,"259",24,3,66
"Rapper's Delight","The Sugarhill Gang","hip hop",2017,112,75,91,-10,4,83,"234",7,25,48
"Human","Rag'n'Bone Man","soul",2017,75,71,60,-4,17,55,"200",39,30,78
"Daar Gaat Ze","Clouseau","rock",1989,87,33,63,-15,13,64,"229",83,3,39
"Times Were When","The Cats","pop",1968,99,56,45,-9,5,61,"191",24,3,43
"At Seventeen - Remastered","Janis Ian","pop",1975,125,27,62,-17,11,34,"284",88,5,48
"Theme From New York, New York","Frank Sinatra","oldies",2015,109,59,41,-5,28,56,"204",55,3,68
"A Night Like This","Caro Emerald","pop",2010,123,71,87,-6,10,96,"226",57,4,40
"Times Like These","Foo Fighters","alternative",2002,145,91,38,-4,24,27,"266",0,9,65
"Don't Dream It's Over","Crowded House","pop",1986,82,42,44,-17,7,55,"237",1,4,72
"Blowin' in the Wind","Bob Dylan","rock",1963,175,10,38,-21,6,44,"165",91,5,69
"Innuendo - Remastered 2011","Queen","rock",1991,73,73,21,-6,30,17,"393",18,6,49
"DEUTSCHLAND","Rammstein","alternative",2019,120,90,52,-5,10,24,"322",0,4,72
"Golden Brown","The Stranglers","rock",1981,94,38,56,-15,14,60,"207",14,3,67
"My Name Is","Eminem","hip hop",1999,86,68,87,-6,9,82,"268",4,32,72
"Come Undone","Robbie Williams","dance",2002,168,57,38,-5,35,26,"278",4,3,56
"Sara","Fleetwood Mac","rock",1988,127,39,74,-17,9,59,"382",38,3,56
"Hide In Your Shell","Supertramp","rock",1974,112,36,48,-13,30,32,"410",47,4,43
"I Started A Joke","Bee Gees","oldies",1968,145,46,31,-9,13,43,"188",16,3,66
"Mysterious Ways","U2","rock",1991,100,66,67,-8,11,70,"244",0,3,63
"Sweet Dreams (Are Made of This) - Remastered","Eurythmics","dance",1983,125,71,69,-7,12,88,"217",23,3,81
"Money, Money, Money","ABBA","pop",1976,121,69,78,-7,11,70,"187",52,4,44
"Even Flow","Pearl Jam","alternative",1991,105,94,39,-7,30,27,"293",0,8,75
"All Night Long (All Night) - Single Version","Lionel Richie","oldies",2003,109,58,74,-12,5,78,"260",12,5,64
"Love Shack","The B-52's","rock",1989,134,82,72,-6,85,87,"322",3,5,69
"Imagine - Remastered","John Lennon","rock",1971,76,26,55,-12,9,17,"188",91,3,78
"Mama - 2007 Remaster","Genesis","rock",1983,83,88,56,-9,38,67,"408",38,6,45
"Killer / Papa Was a Rollin' Stone","George Michael","dance",1998,122,98,71,-7,76,58,"255",3,5,51
"Fight For Your Right","Beastie Boys","alternative",1986,134,86,50,-6,8,42,"209",1,7,68
"Hello","Lionel Richie","oldies",1983,61,25,49,-14,10,6,"251",41,4,59
"Love Never Felt So Good","Michael Jackson","pop",2014,118,72,78,-6,7,71,"246",13,4,70
"Thunder","Imagine Dragons","rock",2017,168,82,61,-5,15,29,"187",1,4,86
"Sunrise","Norah Jones","oldies",2004,157,30,53,-14,11,68,"201",94,3,71
"Heroes - 2017 Remaster","David Bowie","rock",1977,112,76,49,-6,9,44,"371",0,3,75
"Breaking the Habit","Linkin Park","alternative",2003,100,85,58,-5,9,58,"197",11,3,65
"Dreams","Fleetwood Mac","rock",1988,120,34,82,-16,50,79,"254",14,4,59
"Lessons In Love","Level 42","rock",1987,113,84,71,-8,30,86,"246",16,4,62
"We All Stand Together - Remastered 2016","Paul McCartney","rock",2016,72,26,35,-12,13,48,"265",61,3,24
"Carry on Wayward Son","Kansas","rock",1976,127,79,48,-6,45,79,"323",0,3,75
"No Good in Goodbye","The Script","rock",2014,156,87,37,-5,8,22,"308",1,4,59
"The Chain - 2004 Remaster","Fleetwood Mac","rock",1977,152,67,55,-9,5,48,"270",1,5,78
"Jump","Van Halen","rock",1996,130,82,55,-7,6,77,"240",7,3,57
"Purple Rain","Prince","funk",1984,113,45,37,-10,69,19,"521",4,3,75
"Last Christmas","Wham!","dance",2019,108,58,74,-9,18,94,"265",19,3,85
"In-A-Gadda-Da-Vida - Single Version","Iron Butterfly","rock",1993,119,53,47,-10,18,77,"174",0,3,57
"San Francisco (Be Sure to Wear Some Flowers In Your Hair)","Scott McKenzie","pop",1967,112,67,50,-6,22,48,"179",5,3,53
"The Family Tree","Venice","alternative",1999,127,10,34,-16,10,26,"205",81,3,41
"Home","Dotan","pop",2014,130,70,76,-9,4,30,"268",7,4,42
"Let's Dance - 2018 Remaster","David Bowie","rock",1983,115,74,65,-7,15,63,"458",1,6,71
"Wish You Were Here","Pink Floyd","rock",1981,121,32,50,-14,38,28,"321",72,5,47
"We Don't Need Another Hero (Thunderdome)","Tina Turner","dance",1991,99,67,69,-6,12,71,"255",20,5,61
"Demons","Imagine Dragons","rock",2012,90,71,51,-3,33,43,"175",19,3,73
"Summertime","Louis Armstrong","oldies",1958,168,7,17,-21,14,10,"298",92,3,66
"Thunder Road","Bruce Springsteen","rock",1975,141,76,37,-6,53,66,"289",62,4,66
"Follow You Follow Me - 2007 Remaster","Genesis","rock",1978,93,72,53,-10,8,76,"241",13,3,51
"Here Without You","3 Doors Down","alternative",2002,144,55,54,-7,13,23,"239",5,2,75
"Ice Queen","Within Temptation","metal",2003,92,57,26,-8,11,15,"319",4,3,47
"Mr. Tambourine Man","The Byrds","rock",1965,120,47,46,-10,44,64,"149",51,3,62
"Stressed Out","Twenty One Pilots","rock",2015,170,64,73,-6,6,65,"202",5,14,83
"Nutbush City Limits","Ike & Tina Turner","pop",2008,77,89,69,-6,3,91,"182",9,3,56
"Farewell To The Fairground","White Lies","alternative",2009,118,77,53,-5,12,30,"257",0,4,54
"Born Slippy (Nuxx)","Underworld","alternative",2014,140,95,58,-9,47,30,"456",0,4,65
"The Unforgiven III","Metallica","alternative",2008,122,77,30,-3,12,9,"467",0,3,52
"Laat Me / Vivre - Lange Versie","Alderliefste met Ramses Shaffy en Liesbeth List","pop",2005,81,41,66,-9,16,37,"386",60,3,43
"White Flag","Dido","dance",2003,170,54,51,-7,9,28,"241",31,4,54
"The Saints Are Coming","U2","rock",2006,152,81,32,-7,15,12,"202",8,5,40
"Fortunate Son","Creedence Clearwater Revival","rock",1969,133,66,64,-8,15,66,"141",20,4,80
"Real Men","Joe Jackson","rock",1982,114,19,69,-19,17,32,"245",67,3,31
"Just A Little Bit Of Peace In My Heart","Golden Earring","rock",1969,95,72,27,-6,6,26,"320",1,3,42
"Plush - 2017 Remaster","Stone Temple Pilots","alternative",1992,144,94,43,-5,14,47,"314",1,4,61
"Tears in Heaven","Eric Clapton","rock",1999,154,24,50,-12,13,31,"272",84,3,61
"Where Is The Love?","The Black Eyed Peas","dance",2003,94,70,83,-3,13,80,"273",11,20,66
"Stairway to Heaven - Remaster","Led Zeppelin","rock",1971,82,34,34,-12,12,20,"483",58,3,79
"Perfect Day","Lou Reed","rock",1972,145,27,40,-12,10,9,"225",74,3,69
"Enola Gay - Remastered","Orchestral Manoeuvres In The Dark","rock",1980,143,76,56,-7,8,93,"214",0,3,65
"Redemption Song","Bob Marley & The Wailers","reggae",1980,116,26,67,-11,7,69,"234",61,4,71
"Sharp Dressed Man","ZZ Top","rock",1992,125,77,65,-8,10,40,"252",0,3,53
"Dazed and Confused","Led Zeppelin","rock",1969,87,55,27,-10,10,43,"386",4,5,63
"Fields Of Gold","Eva Cassidy","oldies",1998,80,9,46,-15,8,31,"282",97,3,62
"Walking in Memphis","Marc Cohn","folk",1991,130,51,57,-9,30,33,"253",55,4,69
"Such a Shame","Talk Talk","rock",1990,112,68,60,-11,30,71,"258",21,3,57
"Love Is The Drug","Roxy Music","rock",1975,125,76,84,-5,3,60,"251",6,9,60
"Kristallnaach","BAP","pop",1982,159,57,35,-14,6,44,"299",49,12,47
"Living Years","Mike & The Mechanics","rock",1988,98,42,52,-13,7,31,"330",58,3,55
"That Was Yesterday","Foreigner","rock",1984,115,68,43,-7,21,51,"229",5,3,54
"Vincent","Don McLean","oldies",1971,92,9,42,-19,34,46,"243",91,4,69
"The Unforgettable Fire - Remastered 2009","U2","rock",1984,137,74,43,-9,10,23,"294",0,3,46
"Little Green Bag","George Baker Selection","pop",1997,103,61,71,-14,8,88,"195",4,3,44
"Mooie Dag","BLØF","pop",2002,85,58,50,-11,14,30,"279",11,3,40
"Always Remember Us This Way","Lady Gaga","dance",2018,130,50,55,-6,76,30,"210",30,4,81
"Love Yourself","Justin Bieber","pop",2015,100,38,61,-10,28,52,"234",84,44,83
"I Heard It Through The Grapevine","Marvin Gaye","soul",1983,117,35,72,-11,11,64,"197",20,4,71
"The Man Who Sold the World - 2015 Remaster","David Bowie","rock",1970,118,39,47,-14,14,55,"241",64,3,63
"Call Me The Breeze","J.J. Cale","blues",1971,92,42,81,-15,10,84,"157",75,4,58
"Formidable","Stromae","pop",2013,71,63,51,-9,15,50,"214",10,19,49
"November Rain","Guns N' Roses","metal",1991,80,64,29,-9,11,23,"536",2,3,80
"Annie's Song","John Denver","oldies",1974,146,31,30,-11,37,46,"181",87,3,69
"Chasing Cars","Snow Patrol","rock",2006,104,59,56,-5,13,14,"268",21,3,78
"Heaven Must Be Missing An Angel - Pt. 1","Tavares","oldies",2004,117,75,61,-9,39,97,"394",1,3,49
"Aanzoek Zonder Ringen","BLØF","pop",2006,160,85,55,-8,32,46,"283",2,4,42
"9 to 5","Dolly Parton","country",1980,105,78,55,-6,63,81,"162",42,5,76
"Rumour Has It","Adele","soul",2011,120,75,62,-5,9,56,"221",64,5,65
"Fear of the Dark - 2015 Remaster","Iron Maiden","rock",1992,110,87,31,-6,23,23,"438",0,6,55
"The Times They Are A-Changin'","Bob Dylan","rock",1964,172,40,39,-8,8,59,"192",89,3,69
"El Condor Pasa (If I Could)","Simon & Garfunkel","rock",1970,148,21,33,-18,18,28,"187",84,3,62
"Monday, Monday - Single Version","The Mamas & The Papas","oldies",1966,110,46,49,-9,57,71,"208",74,3,62
"Havana (feat. Young Thug)","Camila Cabello","dance",2018,105,52,77,-4,13,39,"217",18,3,85
"China Girl - 2002 Remaster","David Bowie","rock",1983,134,63,65,-10,11,87,"257",2,3,57
"Save a Prayer - 2009 Remaster","Duran Duran","dance",1982,114,71,57,-9,16,67,"333",35,3,62
"Nightswimming","R.E.M.","alternative",1992,114,39,57,-11,10,57,"258",80,3,62
"Hallelujah","Jeff Buckley","alternative",1994,97,14,32,-10,18,8,"414",93,3,73
"Question","The Moody Blues","rock",1970,76,66,22,-10,47,32,"344",2,5,50
"Hold the Line","TOTO","rock",1978,96,70,49,-12,15,78,"236",4,6,75
"Breakfast In America - Remastered","Supertramp","rock",1979,75,66,53,-6,7,76,"159",43,3,70
"Set Fire to the Rain","Adele","soul",2011,108,68,61,-4,13,47,"242",0,3,75
"A Little Less Conversation - JXL Radio Edit Remix","Elvis Presley","oldies",2002,115,97,60,-6,13,72,"212",0,5,64
"Sweet Child O' Mine","Guns N' Roses","metal",1987,125,95,45,-5,11,62,"356",9,5,73
"Reünie","Snelle","hip hop",2019,96,35,51,-9,59,51,"172",67,15,71
"Iris","The Goo Goo Dolls","alternative",2007,156,79,29,-6,8,51,"290",0,4,75
"You Shook Me All Night Long","AC/DC","rock",1980,127,77,53,-6,39,76,"210",0,6,78
"Life on Mars? - 2015 Remaster","David Bowie","rock",1971,123,38,44,-15,5,22,"236",64,4,71
"Ain't Got No - I Got Life - Remastered","Nina Simone","oldies",1968,122,72,62,-10,76,89,"176",20,4,48
"Eye of the Tiger","Survivor","rock",1985,109,60,82,-9,9,55,"246",13,3,76
"It's A Man's, Man's, Man's World","James Brown & The Famous Flames","oldies",1966,81,24,54,-17,13,57,"167",69,4,63
"Perhaps Love","John Denver","oldies",1984,81,25,39,-11,10,20,"177",79,4,59
"Another Love","Tom Odell","rock",2013,123,54,45,-9,9,13,"244",70,4,58
"Where the Wild Roses Grow - 2011 - Remaster","Nick Cave & The Bad Seeds","rock",1996,155,47,34,-11,10,16,"237",38,3,59
"Lay All Your Love On Me","ABBA","pop",1980,133,72,68,-8,37,77,"274",11,3,48
"I'm a Believer - 2006 Remaster","The Monkees","pop",1967,80,78,53,-6,22,96,"167",71,4,73
"Is This Love","Bob Marley & The Wailers","reggae",1978,122,56,78,-8,7,76,"232",11,10,76
"Luv U More - K&A's Radio blast","DJ Paul","electronic",2011,168,82,51,-11,14,7,"232",0,3,51
"Kleine Jongen","Andre Hazes","pop",2018,91,70,54,-6,10,56,"221",5,3,30
"Fame - 2016 Remaster","David Bowie","rock",1975,95,56,79,-10,8,67,"261",45,5,60
"Freedom! '90 - Remastered","George Michael","dance",2017,92,85,68,-11,6,93,"391",23,5,69
"Zaterdag","BLØF","pop",2012,141,71,75,-10,10,90,"283",9,3,41
"What's Love Got to Do with It","Tina Turner","dance",1993,98,41,85,-12,9,79,"227",22,7,69
"Thinking Of A Place","The War On Drugs","pop",2017,103,63,48,-7,12,16,"671",39,3,59
"Cowboys and Angels","George Michael","dance",1998,128,51,57,-13,13,28,"435",4,3,43
"Personal Jesus - Original Seven Inch Version","Depeche Mode","dance",1989,130,68,64,-12,5,71,"225",1,4,61
"We Will Rock You - Remastered","Queen","rock",1977,81,50,69,-7,26,47,"122",68,12,70
"Run to the Hills - 2015 Remaster","Iron Maiden","rock",1982,174,94,25,-5,16,46,"234",3,7,60
"Rain Down on Me","Kane","pop",2003,133,88,46,-3,11,33,"247",0,6,47
"It's Time","Imagine Dragons","rock",2012,105,88,66,-5,14,86,"238",2,4,66
"Crazy Little Thing Called Love - Remastered 2011","Queen","rock",1980,77,76,60,-7,35,72,"163",71,4,66
"Brown Eyed Girl","Van Morrison","rock",1967,151,58,49,-11,41,91,"183",18,4,79
"Just Breathe","Pearl Jam","alternative",2009,108,35,47,-11,8,28,"216",72,3,69
"Lola Montez","Volbeat","alternative",2013,152,88,51,-5,7,68,"268",0,3,57
"De Vlieger","Andre Hazes","pop",2018,105,66,40,-7,23,39,"217",3,3,27
"Just Say Yes","Snow Patrol","rock",2013,108,88,54,-5,3,25,"282",2,3,48
"Liefde Van Later","Herman van Veen","pop",1987,121,8,50,-22,11,13,"252",97,5,41
"Waterloo Sunset - Mono Mix","The Kinks","rock",1967,108,69,51,-7,17,42,"194",16,2,66
"High Hopes","Panic! At The Disco","pop",2018,82,90,58,-3,6,68,"191",19,6,87
"Thinking out Loud","Ed Sheeran","pop",2014,79,45,78,-6,18,59,"282",47,3,84
"Words","Bee Gees","oldies",1968,80,29,26,-10,16,25,"198",14,3,59
"I'd Do Anything For Love (But I Won't Do That) - Single Edit","Meat Loaf","rock",1993,105,67,42,-6,41,30,"316",62,9,59
"Ben Ik Te Min","Armand","rock",2009,101,69,62,-7,6,56,"208",28,3,47
"Dream On","Aerosmith","rock",1973,161,43,31,-10,33,22,"267",39,3,78
"Black or White - Single Version","Michael Jackson","pop",2005,115,89,74,-4,9,96,"203",8,5,64
"Blueberry Hill","Fats Domino","oldies",1959,133,50,49,-10,16,83,"148",74,3,56
"Somebody To Love - 2011 Mix","Queen","rock",1976,112,69,50,-7,22,36,"296",19,6,70
"Black","Pearl Jam","alternative",1991,77,68,36,-6,34,20,"343",32,3,75
"New York State of Mind","Billy Joel","rock",1976,121,37,51,-9,32,20,"362",50,3,61
"Ain't Nobody","Chaka Khan","dance",1996,104,88,80,-7,14,82,"281",19,4,70
"The Last Resort - 2013 Remaster","Eagles","rock",1976,126,28,55,-11,16,30,"445",47,3,52
"Is This Love - 2018 Remaster","Whitesnake","rock",1987,180,76,26,-7,23,43,"284",6,4,58
"The Spirit Of Radio","Rush","rock",1980,136,92,37,-7,42,63,"296",1,5,63
"Chiquitita","ABBA","pop",1979,84,56,53,-8,30,38,"327",70,3,56
"In Bloom - Nevermind Version","Nirvana","alternative",1991,157,88,44,-5,21,51,"255",0,6,64
"The Show Must Go On - 2011 Mix","Queen","rock",1991,83,69,31,-7,11,18,"278",41,3,58
"Ain't No Mountain High Enough","Marvin Gaye","soul",1967,130,60,66,-11,18,80,"152",43,3,80
"Someone Somewhere (In Summertime)","Simple Minds","rock",2016,100,53,56,-11,11,67,"278",2,3,41
"Give Me Love","Ed Sheeran","pop",2011,116,33,53,-10,11,11,"526",69,5,73
"Bring Me To Life","Evanescence","alternative",2003,95,94,33,-3,24,30,"236",1,7,78
"Fox On The Run","Sweet","rock",1974,128,64,51,-12,9,83,"208",17,4,55
"What a Fool Believes","The Doobie Brothers","rock",1978,121,38,76,-15,5,99,"224",28,4,69
"Karma Chameleon - Remastered","Culture Club","dance",1983,92,73,67,-7,19,89,"253",23,4,72
"Tell Him","Barbra Streisand","oldies",1997,76,40,34,-9,11,7,"291",76,4,47
"Heartbreak Hotel","Elvis Presley","oldies",1958,94,21,70,-12,11,72,"128",84,7,63
"Roundabout - 2003 Remaster","Yes","rock",1971,133,76,41,-9,8,39,"511",7,7,66
"Running To Stand Still","U2","rock",1987,95,20,54,-19,33,23,"257",86,3,55
"Bliss","Muse","rock",2001,128,80,45,-9,11,25,"251",0,5,46
"Billie Jean","Michael Jackson","pop",1982,117,65,92,-3,4,85,"294",2,4,81
"Pamela","TOTO","rock",1988,98,41,58,-16,6,53,"310",13,3,53
"Think","The Blues Brothers","blues",1980,129,84,65,-6,24,71,"195",50,19,56
"All The Small Things","blink-182","pop",1999,149,90,43,-5,61,68,"167",1,5,79
"Angie","The Rolling Stones","rock",1973,136,55,43,-6,11,41,"272",67,3,72
"Take on Me","a-ha","dance",1985,84,90,57,-8,9,88,"225",2,5,83
"Everybody Needs Somebody to Love","The Blues Brothers","blues",1980,194,93,49,-4,37,92,"203",61,7,63
"Green Green Grass Of Home","Tom Jones","oldies",1967,95,41,54,-13,10,82,"185",16,3,62
"How You Remind Me","Nickelback","alternative",2001,172,76,45,-5,10,54,"224",0,3,78
"Skandal im Sperrbezirk","Spider Murphy Gang","pop",2018,93,84,64,-8,21,89,"216",42,4,26
"Holiday","Green Day","rock",2017,147,89,55,-3,89,72,"233",0,3,67
"Blitzkrieg Bop - 2016 Remaster","Ramones","rock",1976,177,78,39,-3,11,90,"134",0,23,71
"Uptown Funk","Mark Ronson","dance",2015,115,61,86,-7,3,93,"270",1,8,82
"Dani California","Red Hot Chili Peppers","alternative",2006,96,91,56,-2,35,73,"282",2,4,76
"Landslide","Fleetwood Mac","rock",1975,159,16,41,-22,12,42,"199",88,3,77
"The Turn of a Friendly Card","The Alan Parsons Project","rock",1980,151,32,38,-15,8,41,"966",52,4,32
"Gold on the Ceiling","The Black Keys","alternative",2011,130,83,51,-5,7,56,"224",1,5,69
"He Ain't Heavy, He's My Brother","The Hollies","oldies",1967,76,44,31,-7,51,22,"258",41,3,50
"Avalon","Roxy Music","rock",1995,137,49,76,-11,21,88,"257",67,3,46
"These Are The Days Of Our Lives - 2011 Remaster","Queen","rock",1991,113,40,69,-10,6,55,"255",37,3,49
"Teach Your Children","Crosby, Stills, Nash & Young","rock",1970,155,28,50,-15,39,67,"173",64,3,63
"Waterloo","ABBA","pop",1974,148,93,44,-5,24,78,"169",42,5,58
"Ni**as In Paris","JAY-Z","hip hop",2011,140,86,79,-6,35,77,"219",13,32,77
"Cose della vita","Eros Ramazzotti","pop",1993,176,60,50,-9,22,47,"289",6,3,48
"Uptown Girl","Billy Joel","rock",1983,129,94,70,-3,60,79,"198",7,5,77
"Sad But True","Metallica","alternative",1991,89,85,63,-6,6,43,"325",0,3,63
"What It Is","Mark Knopfler","rock",2000,122,67,63,-7,28,48,"298",64,3,43
"Denis","Blondie","pop",2006,139,77,53,-7,6,86,"139",0,5,42
"Smalltown Boy","Bronski Beat","dance",1984,135,58,69,-11,12,94,"302",29,3,71
"Lullaby","The Cure","dance",1989,94,56,72,-11,6,59,"250",19,3,53
"Mr. Brightside","The Killers","rock",2004,148,92,36,-4,10,23,"223",0,8,77
"I'm Gonna Be (500 Miles)","The Proclaimers","rock",2003,132,55,85,-5,8,81,"219",15,4,74
"Estranged","Guns N' Roses","metal",1991,89,76,36,-8,37,17,"564",1,3,63
"She's A Rainbow - Full Version / With Intro","The Rolling Stones","rock",1972,109,78,45,-9,34,51,"252",44,4,55
"Scarlet Ribbons","The Cats","pop",1969,101,42,48,-10,14,47,"197",9,3,44
"My Hometown","Bruce Springsteen","rock",1984,117,34,65,-12,7,39,"280",49,4,58
"Atemlos durch die Nacht","Helene Fischer","pop",2018,128,78,81,-4,19,82,"220",6,5,38
"Home Again","Michael Kiwanuka","soul",2012,85,32,52,-11,12,27,"212",70,3,51
"(Everything I Do) I Do It For You","Bryan Adams","rock",1991,131,37,53,-13,6,25,"394",8,3,64
"Fire - Live at the Winterland, San Francisco, CA - December 1978","Bruce Springsteen","rock",1986,120,32,43,-21,98,52,"193",20,17,41
"Scar Tissue","Red Hot Chili Peppers","alternative",1999,89,72,60,-5,11,55,"216",8,3,77
"Things We Lost In The Fire","Bastille","pop",2013,134,92,59,-5,27,63,"241",6,6,48
"How to Save a Life","The Fray","rock",2005,122,74,64,-4,10,36,"263",27,4,80
"Autobahn - 2009 Remaster","Kraftwerk","dance",1974,82,50,33,-16,13,11,"1,367",11,4,48
"Roxanne","The Police","rock",1978,134,75,62,-9,5,66,"192",4,36,78
"t Dondert En 't Bliksemt","Guus Meeuwis","pop",1997,121,95,70,-4,9,89,"192",64,7,50
"I Want You to Want Me","Cheap Trick","rock",1977,93,46,81,-13,15,74,"191",78,3,70
"Earth Song","Michael Jackson","pop",1995,138,44,50,-8,9,14,"406",48,3,63
"I Feel Love","Donna Summer","dance",1977,127,71,67,-16,9,96,"355",3,4,46
"Karma Police","Radiohead","alternative",1997,75,51,36,-9,17,32,"264",6,3,74
"Wanna Be Startin' Somethin'","Michael Jackson","pop",1982,122,92,85,-4,6,90,"362",2,4,64
"Lemon Tree","Fools Garden","rock",1995,143,48,66,-9,12,64,"191",64,4,73
"Sledgehammer - 2012 Remaster","Peter Gabriel","rock",1986,96,68,64,-8,4,47,"312",4,4,57
"Venus","Shocking Blue","rock",1969,128,76,69,-6,8,96,"188",46,4,59
"Dakota","Stereophonics","pop",2005,147,93,51,-3,9,31,"297",13,7,68
"I'm Yours","Jason Mraz","pop",2008,151,46,69,-8,11,72,"242",60,5,82
"Phantom Of The Opera","Floor Jansen","pop",2019,132,87,47,-6,25,27,"244",0,5,56
"7 Seconds (feat. Neneh Cherry)","Youssou N'Dour","pop",2004,154,70,68,-10,33,51,"306",8,3,59
"Black Betty","Ram Jam","rock",2005,117,73,49,-9,16,83,"236",0,9,61
"Ruby","Kaiser Chiefs","alternative",2007,93,93,44,-3,8,40,"203",1,5,62
"Tears In The Morning - Remastered 2009","The Beach Boys","pop",1970,128,36,38,-11,29,24,"251",71,4,38
"Let's Get It On","Marvin Gaye","soul",1973,168,60,54,-11,8,64,"291",4,5,69
"Time","Pink Floyd","rock",1973,120,48,36,-12,18,36,"414",52,8,70
"Chan Chan","Buena Vista Social Club","jazz",1997,166,50,40,-12,10,68,"257",83,4,68
"Girls Just Want to Have Fun","Cyndi Lauper","dance",1983,120,80,71,-5,35,73,"238",22,3,76
"Everything Now","Arcade Fire","alternative",2017,116,87,55,-5,46,61,"303",0,3,66
"De Boer Is De Keerl","Normaal","rock",1991,85,40,52,-13,8,63,"221",21,3,51
"Top Of The World","Carpenters","oldies",1972,184,34,38,-13,10,69,"179",81,4,65
"Can't Hold Us - feat. Ray Dalton","Macklemore & Ryan Lewis","dance",2012,146,92,64,-4,9,85,"258",3,8,83
"Baba O'Riley","The Who","rock",1971,117,72,49,-8,29,15,"300",31,4,77
"Take Me Home, Country Roads","John Denver","oldies",1997,164,43,26,-13,19,55,"198",55,3,77
"Do It Again","Steely Dan","rock",1972,125,54,68,-10,6,96,"357",22,3,69
"Sometimes You Can't Make It On Your Own","U2","rock",2004,96,60,53,-6,11,35,"305",0,2,57
"Silent Lucidity - Remastered/2003","Queensrÿche","rock",1990,140,63,46,-6,12,10,"348",5,3,61
"Close to the Edge (i. The Solid Time of Change, ii. Total Mass Retain, iii. I Get up I Get Down, iv. Seasons of Man) - 2003 Remaster","Yes","rock",1972,81,60,22,-11,41,25,"1,121",27,6,47
"Silence (feat. Sarah McLachlan) - DJ Tiësto's In Search of Sunrise Edit","Delerium","electronic",2004,138,85,60,-6,6,9,"235",1,6,58
"Lithium","Nirvana","alternative",1991,123,66,68,-6,6,49,"257",0,4,68
"See Me, Feel Me - Single Version","The Who","rock",2014,94,34,38,-11,8,8,"217",9,3,39
"Als De Morgen Is Gekomen","Jan Smit","pop",2006,96,89,63,-6,9,81,"176",5,3,55
"Song 2","Blur","alternative",2000,130,71,66,-7,7,86,"122",0,9,64
"Clint Eastwood","Gorillaz","alternative",2001,168,69,66,-9,7,52,"341",2,17,69
"Mary Jane's Last Dance","Tom Petty and the Heartbreakers","rock",2008,170,66,46,-9,33,53,"274",3,6,72
"Broken Wings","Mr. Mister","rock",1985,99,50,29,-14,11,44,"344",13,4,60
"Rosalyn","Vitesse","pop",1992,102,51,49,-13,7,67,"208",1,6,39
"The Monster","Eminem","hip hop",2013,110,85,78,-4,12,62,"250",5,7,75
"Hunting High and Low","a-ha","dance",1985,117,67,60,-8,11,30,"224",4,3,37
"Het Is Koud Zonder Jou","Andre Hazes","pop",2018,197,64,18,-7,12,52,"241",11,4,30
"They Don't Care About Us","Michael Jackson","pop",1995,90,91,86,-6,32,73,"284",21,13,69
"As","George Michael","dance",1998,93,74,67,-8,20,77,"282",14,19,61
"Je Loog Tegen Mij","Drukwerk","rock",1981,79,35,62,-14,9,66,"206",46,3,46
"Use Somebody","Kings of Leon","rock",2008,137,72,28,-5,20,17,"231",1,4,76
"How You Gonna See Me Now","Alice Cooper","rock",1978,137,34,54,-14,13,30,"236",46,4,49
"All I Want Is You","U2","rock",1988,186,44,24,-11,7,40,"390",11,3,63
"La Isla Bonita","Madonna","dance",2009,100,83,71,-5,6,97,"243",39,4,66
"Nothing Rhymed","Gilbert O'Sullivan","oldies",1971,175,59,23,-9,13,55,"204",31,4,35
"Lovesong","The Cure","dance",1989,140,81,61,-8,22,82,"210",34,3,60
"All Along the Watchtower","Jimi Hendrix","rock",1968,113,81,44,-6,8,56,"241",0,6,77
"Absolute Beginners - 2002 Remaster","David Bowie","rock",1986,114,77,56,-9,21,43,"338",7,4,46
"Papa Was A Rolling Stone","The Temptations","oldies",2001,120,60,85,-12,19,87,"433",6,4,44
"On Top Of The World","Imagine Dragons","rock",2012,100,93,64,-6,9,76,"190",9,15,66
"Don't Give Up - 2012 Remaster","Peter Gabriel","rock",1986,161,26,54,-16,8,36,"394",83,5,45
"No Surrender","Bruce Springsteen","rock",1984,154,95,35,-5,56,86,"240",0,5,52
"Mandy","Barry Manilow","oldies",1974,104,46,31,-9,14,32,"213",42,3,69
"The Cave","Mumford & Sons","folk",2009,142,51,60,-10,11,35,"218",5,4,67
"Harder Dan Ik Hebben Kan","BLØF","pop",1999,90,40,62,-10,15,35,"254",9,2,57
"Dyna-Mite","Mud","pop",2005,141,92,58,-5,20,77,"177",0,6,40
"L.A. Woman","The Doors","rock",1971,171,73,35,-9,12,70,"471",8,4,67
"Invisible Touch - 2007 Remaster","Genesis","rock",1986,131,88,66,-6,7,84,"210",34,3,60
"Happy - From Despicable Me 2","Pharrell Williams","dance",2014,160,82,65,-5,9,96,"233",22,18,80
"Stayin' Alive","Bee Gees","oldies",1977,104,54,71,-20,9,64,"93",11,4,60
"I Wanna Dance with Somebody (Who Loves Me)","Whitney Houston","dance",1987,119,82,71,-9,9,87,"291",21,5,81
"Pain","The War On Drugs","pop",2017,116,83,52,-4,8,48,"331",0,4,62
"Het Werd Zomer","Rob De Nijs","pop",1977,133,43,39,-11,16,40,"251",43,3,49
"Teardrops","Womack & Womack","dance",2001,133,72,87,-10,18,97,"229",9,5,61
"Breakeven","The Script","rock",2008,94,70,63,-5,8,53,"261",17,2,74
"Hurt","Johnny Cash","country",2002,90,39,53,-8,9,16,"217",65,3,75
"Run To You","Bryan Adams","rock",1984,127,81,56,-6,29,64,"233",1,3,65
"Domino","Clouseau","rock",1990,75,19,49,-16,22,21,"248",72,4,31
"Crazy On You","Heart","rock",1975,130,46,43,-12,13,38,"293",12,3,65
"Josephine","Chris Rea","rock",1985,110,47,66,-16,5,66,"238",2,3,57
"Heading Up High","Armin van Buuren","dance",2015,128,93,52,-5,11,20,"233",0,9,53
"More Than A Woman - From Saturday Night Fever Soundtrack","Bee Gees","oldies",1979,106,68,63,-6,85,70,"197",16,4,70
"Dust in the Wind","Kansas","rock",1977,94,32,48,-11,11,39,"206",37,3,77
"Four Seasons In One Day","Crowded House","pop",1991,89,26,52,-17,9,49,"170",82,3,51
"Touch Me","The Doors","rock",1969,109,90,43,-5,12,77,"190",41,7,68
"Bad Romance","Lady Gaga","dance",2009,119,92,70,-4,8,71,"295",0,4,79
"You'll Never Walk Alone","Gerry & The Pacemakers","oldies",1997,113,37,47,-5,19,22,"160",25,3,55
"Wake Me up When September Ends","Green Day","rock",2004,105,81,55,-5,10,15,"286",2,3,77
"Smokers Outside the Hospital Doors","Editors","alternative",2007,123,68,53,-4,12,55,"298",0,4,56
"Tainted Love","Soft Cell","dance",1981,145,51,52,-8,29,65,"154",48,4,53
"Whole Lotta Rosie","AC/DC","rock",1977,159,84,29,-4,10,42,"334",0,8,65
"Mmm Mmm Mmm Mmm","Crash Test Dummies","rock",1994,93,57,58,-8,8,37,"235",25,2,57
"Nikita","Elton John","rock",1985,87,66,63,-9,7,75,"343",12,3,68
"Johnny B. Goode","Chuck Berry","blues",1959,168,80,53,-9,31,97,"162",74,7,74
"Rockin' All Over The World","Status Quo","rock",2005,131,96,62,-5,51,97,"217",13,4,47
"Since I've Been Loving You - 1990 Remaster","Led Zeppelin","rock",1970,119,36,39,-11,12,31,"444",0,3,63
"I Will Always Love You","Dolly Parton","country",1974,136,14,45,-13,10,16,"176",96,3,61
"One","Johnny Cash","country",2000,94,50,51,-8,39,42,"232",61,3,47
"Mensch","Herbert Grönemeyer","pop",2008,174,78,68,-6,8,87,"270",3,8,47
"The Way We Were","Barbra Streisand","oldies",1974,138,32,26,-12,13,17,"211",89,3,59
"What's Up?","4 Non Blondes","pop",1992,134,56,56,-10,11,45,"296",16,3,78
"Hopeless Wanderer","Mumford & Sons","folk",2012,154,58,27,-8,11,20,"308",1,4,58
"Send Me An Angel","Scorpions","rock",1990,81,42,15,-12,21,17,"273",43,3,69
"An End Has a Start","Editors","alternative",2007,150,92,35,-2,34,54,"226",0,5,53
"Wat Zou Je Doen?","BLØF","pop",2012,184,51,35,-8,71,22,"291",40,3,51
"The Joker","Steve Miller Band","rock",1973,83,45,60,-10,21,80,"265",37,4,75
"Burning Love","Elvis Presley","oldies",1973,144,75,66,-11,28,97,"170",10,3,68
"Woman In Chains","Tears For Fears","rock",1989,160,61,43,-8,6,37,"391",2,3,66
"The End","The Doors","rock",1967,106,30,35,-12,14,3,"703",16,3,61
"Stand by Me","Ben E. King","oldies",1962,118,31,65,-9,7,61,"180",57,4,77
"Walk","Foo Fighters","alternative",2011,138,87,23,-5,29,19,"256",0,5,69
"Thank God I'm a Country Boy","John Denver","oldies",1974,106,54,76,-10,6,96,"193",79,5,64
"Love Rears Its Ugly Head","Living Colour","alternative",1990,156,48,62,-9,23,73,"259",6,9,50
"Supermarket Flowers","Ed Sheeran","pop",2017,90,24,59,-11,9,26,"221",91,4,78
"Cry Me a River","Justin Timberlake","dance",2002,74,65,62,-7,10,56,"288",57,18,74
"Lust For Life","Iggy Pop","alternative",1977,104,97,39,-6,10,69,"314",3,4,68
"There Must Be an Angel (Playing with My Heart)","Eurythmics","dance",2005,112,78,58,-5,8,60,"281",28,4,40
"No Son of Mine - 2007 Remaster","Genesis","rock",1991,104,60,66,-9,10,26,"399",13,3,39
"Beautiful Goodbye","Amanda Marshall","pop",1996,99,29,49,-8,18,4,"317",65,3,37
"Born to Be Alive - Original Mix 79","Patrick Hernandez","dance",1978,131,87,70,-6,21,81,"188",8,3,66
"Daydream Believer","The Monkees","pop",1968,126,49,51,-10,11,65,"180",26,3,69
"Le Freak - 2018 Remaster","CHIC","dance",1977,119,64,91,-11,6,90,"331",3,6,69
"If You Tolerate This Your Children Will Be Next","Manic Street Preachers","alternative",1998,96,80,22,-6,9,26,"291",0,4,37
"Ordinary Love","U2","rock",2015,121,48,66,-9,18,35,"219",4,3,45
"I'm Not In Love","10cc","rock",1975,134,52,40,-16,28,16,"367",69,6,70
"When The Lady Smiles","Golden Earring","rock",1984,132,82,70,-7,35,83,"340",44,3,53
"Round Here","Counting Crows","alternative",1993,94,48,31,-9,8,19,"331",14,3,61
"Desperado - 2013 Remaster","Eagles","rock",1973,60,22,23,-13,27,18,"214",95,3,66
"I Won' T Let You Down","Road Band","pop",2011,106,35,64,-14,7,59,"233",54,3,33
"I Won't Give Up","Jason Mraz","pop",2012,137,30,59,-10,12,14,"240",69,4,72
"La Grange - 2005 Remaster","ZZ Top","rock",1973,81,64,55,-10,20,61,"230",0,22,74
"Iederene Hef Een Reden","Bökkers","rock",2017,108,61,57,-9,10,69,"185",56,4,41
"Hey Brother","Avicii","dance",2013,125,78,55,-5,8,46,"255",3,4,78
"Light My Fire","The Doors","rock",1967,125,73,41,-6,9,44,"430",37,3,72
"Waiting On A Friend - Remastered 2009","The Rolling Stones","rock",1981,117,79,61,-6,57,91,"274",16,3,58
"All I Ask","Adele","soul",2016,142,28,59,-5,15,34,"272",88,3,70
"Hurt","Christina Aguilera","dance",2006,149,30,33,-7,11,14,"243",78,3,67
"Time To Give","White Lies","alternative",2019,120,83,43,-6,14,35,"455",2,5,50
"Nur geträumt","Nena","pop",1983,177,80,54,-9,8,89,"220",7,3,56
"I Don't Want to Miss a Thing - From Armageddon Soundtrack","Aerosmith","rock",1998,121,66,38,-5,25,14,"299",17,3,76
"One","U2","rock",1991,181,53,39,-9,16,33,"276",25,4,77
"Everything","Michael Bublé","oldies",2007,123,69,69,-5,9,49,"212",39,3,73
"N Vriend","Andre Hazes","pop",2018,68,58,23,-7,9,49,"292",8,3,31
"Into the Mystic - 2013 Remaster","Van Morrison","rock",1970,86,52,61,-10,12,80,"206",37,3,72
"Whatever It Takes","Imagine Dragons","rock",2017,135,66,67,-5,12,56,"201",4,3,82
"God Save the Queen","Sex Pistols","rock",1977,148,91,27,-5,15,48,"200",0,7,51
"Tranen Gelachen","Guus Meeuwis","pop",2007,186,54,30,-8,12,54,"203",16,4,50
"Glycerine","Bush","alternative",2014,114,34,44,-11,10,8,"266",4,3,65
"Living in Another World - 1997 Remaster","Talk Talk","rock",1986,111,86,56,-8,23,94,"418",0,3,53
"Long As I Can See The Light","Creedence Clearwater Revival","rock",1970,127,41,71,-7,6,53,"211",35,4,60
"Close to Me - Remastered","The Cure","dance",1985,185,52,73,-11,8,96,"203",7,12,60
"7 Years","Lukas Graham","pop",2016,120,47,77,-6,39,34,"237",29,5,80
"Feeling Good","Muse","rock",2001,109,42,35,-8,10,27,"199",30,3,51
"How Can We Hang On To A Dream","Tim Hardin","pop",1966,127,18,56,-15,15,37,"123",83,4,48
"Hey Ya!","OutKast","hip hop",2003,80,97,73,-2,18,97,"235",10,7,79
"Wit Licht","Jeroen van Koningsbrugge","pop",2014,146,69,59,-7,10,19,"212",72,8,43
"Tom Traubert's Blues (Four Sheets To The Wind In Copenhagen)","Tom Waits","folk",1976,135,28,30,-13,17,33,"399",80,3,52
"Sabotage","Beastie Boys","alternative",1994,168,94,32,-7,10,54,"178",3,10,71
"Night Boat to Cairo","Madness","dance",1979,156,97,31,-5,7,60,"211",12,4,34
"A Forest - Remastered Version","The Cure","dance",1980,81,62,63,-11,10,42,"355",34,6,53
"My Generation - Stereo Version","The Who","rock",1965,97,78,41,-9,8,71,"199",31,6,71
"Guitar Man","Elvis Presley","oldies",1967,114,66,60,-13,7,91,"139",54,6,41
"Overcome","Live","alternative",2001,146,40,38,-7,10,19,"256",78,3,49
"Can't Get It out of My Head","Electric Light Orchestra","rock",1974,169,38,23,-14,13,33,"261",75,3,51
"Family Portrait","P!nk","dance",2001,92,69,76,-5,57,73,"297",3,5,56
"Albatross - 2018 Remaster","Fleetwood Mac","rock",1969,136,6,32,-22,14,26,"191",83,4,50
"Carry On","Crosby, Stills, Nash & Young","rock",1970,119,50,46,-12,27,53,"266",6,4,58
"Girl, You'll Be A Woman Soon","Neil Diamond","oldies",1968,110,64,52,-6,32,66,"180",57,3,59
"Photograph","Ed Sheeran","pop",2014,108,38,61,-10,10,20,"259",61,5,84
"Treur Niet (Ode Aan Het Leven)","Diggy Dex","hip hop",2016,98,72,68,-9,13,57,"225",20,6,60
"Boogie Wonderland","Earth, Wind & Fire","dance",1979,132,76,80,-11,5,96,"288",8,3,73
"Heart Of Glass","Blondie","pop",2006,115,70,73,-8,6,41,"252",0,3,52
"Lyin' Eyes - 2013 Remaster","Eagles","rock",1975,133,67,67,-10,16,87,"382",20,2,65
"Leningrad","Billy Joel","rock",1989,139,52,51,-6,12,23,"243",38,3,49
"Deurdonderen","Normaal","rock",1991,175,79,46,-10,11,86,"234",1,8,49
"Sultans of Swing","Dire Straits","rock",1978,148,87,73,-7,32,92,"350",6,3,66
"Nightporter","Japan","pop",1984,110,8,52,-20,10,10,"408",75,3,41
"Ruthless Queen","Kayak","rock",2009,124,46,53,-10,20,22,"291",8,3,32
"Voor Haar","Frans Halsema","rock",2018,82,36,28,-12,25,36,"172",65,3,30
"All My Life","Foo Fighters","alternative",2002,168,60,58,-6,48,65,"263",0,5,72
"Vriendschap","Het Goede Doel","pop",1982,170,35,56,-14,20,72,"247",43,3,46
"Don't Stand So Close To Me","The Police","rock",1980,140,51,80,-9,4,52,"243",5,6,67
"Everybody Hurts","R.E.M.","alternative",1992,94,32,47,-10,12,17,"320",62,3,74
"Goodnight Saigon","Billy Joel","rock",2001,129,39,59,-14,7,15,"423",13,6,46
"Dark Necessities","Red Hot Chili Peppers","alternative",2016,92,74,70,-7,11,20,"302",7,7,74
"Harvest - 2009 Remaster","Neil Young","rock",1972,86,22,54,-18,11,31,"189",74,4,51
"Paint It, Black","The Rolling Stones","rock",1966,159,80,46,-9,40,61,"202",5,9,78
"Happier","Ed Sheeran","pop",2017,90,39,52,-7,14,24,"208",54,3,83
"Memories","Earth & Fire","pop",1970,131,79,31,-8,11,26,"201",35,5,29
"Harder, Better, Faster, Stronger","Daft Punk","electronic",2001,123,72,82,-9,36,69,"225",4,14,71
"(They Long To Be) Close To You","Carpenters","oldies",1970,89,25,53,-15,12,24,"276",71,3,60
"Can't Stand Losing You","The Police","rock",1997,142,63,76,-10,4,93,"181",35,31,45
"Suzanne","Herman van Veen","pop",1987,129,16,63,-21,12,18,"239",93,3,43
"Stiekem Gedanst","Toontje Lager","rock",2008,96,63,66,-10,60,84,"215",21,6,53
"Tears Dry On Their Own","Amy Winehouse","soul",2006,122,87,64,-3,29,45,"185",49,12,72
"Tonight (With David Bowie) - Live","Tina Turner","dance",1988,102,72,59,-13,93,72,"255",20,5,44
"Locomotive Breath","Jethro Tull","rock",1971,125,53,68,-13,6,35,"266",42,9,60
"Hold On Tight","Solomon Burke","pop",2010,89,73,63,-6,16,50,"324",9,3,38
"Come On Eileen","Dexys Midnight Runners","pop",1982,107,66,45,-7,26,78,"287",66,5,68
"Single Ladies (Put a Ring on It)","Beyoncé","dance",2008,193,58,43,-5,19,27,"193",4,30,70
"Faster","Within Temptation","metal",2011,120,93,51,-3,14,48,"264",0,4,53
"Jumpin' Jack Flash - Mono","The Rolling Stones","rock",1966,137,90,60,-7,7,62,"219",4,5,65
"Youngblood","5 Seconds of Summer","pop",2018,120,85,60,-5,12,15,"203",2,46,84
"Belgie ... (Is Er Leven Op Pluto ...)","Het Goede Doel","pop",1982,141,66,58,-14,7,66,"361",1,4,52
"Take It Easy - 2013 Remaster","Eagles","rock",1972,139,67,57,-10,13,74,"212",34,3,75
"Like a Rolling Stone","Bob Dylan","rock",1965,95,72,48,-7,19,56,"370",73,3,71
"Poker Face","Lady Gaga","dance",2008,119,81,85,-5,12,78,"237",12,8,69
"Slippery People - Live","Talking Heads","alternative",1984,111,85,64,-8,68,84,"241",22,4,54
"Crazy In Love (feat. Jay-Z)","Beyoncé","dance",2003,99,77,65,-7,7,68,"236",0,23,75
"My Sweet Lord","George Harrison","rock",1970,121,70,54,-9,8,58,"281",10,3,76
"Brown Sugar - Remastered","The Rolling Stones","rock",1971,129,93,63,-4,6,96,"229",22,3,71
"Atmosphere - 2010 Remaster","Joy Division","alternative",2010,120,39,62,-12,12,44,"249",23,3,51
"The Air That I Breathe - 2008 Remaster","The Hollies","oldies",1974,168,47,28,-8,16,25,"257",24,3,66
"Knockin' On Heaven's Door - Remastered","Bob Dylan","rock",1973,140,40,51,-13,11,23,"150",25,3,74
"Gold","Spandau Ballet","dance",2000,143,74,71,-8,10,64,"231",26,4,66
"Are You Lonesome Tonight","Elvis Presley","oldies",1963,66,9,36,-18,11,19,"187",92,5,59
"L'amour Toujours (Small Mix)","Gigi D'Agostino","dance",2014,139,88,64,-4,36,74,"242",8,3,70
"Tie Your Mother Down - Remastered 2011","Queen","rock",1976,135,89,33,-6,35,16,"287",9,7,50
"The Final Countdown","Europe","rock",1986,118,84,54,-7,6,19,"310",6,6,75
"Rolling In The Deep","Adele","soul",2014,105,76,73,-5,6,54,"228",13,3,61
"Merry Xmas Everybody","Slade","rock",1973,130,80,41,-3,18,47,"223",22,4,76
"High Hopes","Pink Floyd","rock",1994,75,41,52,-13,35,28,"511",20,3,59
"High And Dry","Radiohead","alternative",1995,88,38,42,-12,9,35,"257",7,3,72
"Grow Old with Me","Tom Odell","rock",2013,146,58,47,-7,25,37,"183",51,3,49
"Beast Of Burden - Remastered","The Rolling Stones","rock",1978,101,88,78,-4,4,89,"265",39,3,74
"Dirty Diana","Michael Jackson","pop",2003,131,80,75,-5,42,37,"281",24,5,55
"In Your Eyes - 2012 Remaster","Peter Gabriel","rock",1986,89,65,62,-9,7,63,"330",6,4,54
"Let Me Entertain You","Robbie Williams","dance",1999,125,96,46,-5,9,37,"261",0,7,44
"How Deep Is Your Love","Bee Gees","oldies",1979,105,36,63,-9,13,67,"245",11,3,77
"Down Down","Status Quo","rock",1975,90,90,47,-7,29,21,"325",11,3,53
"The Jean Genie - 2013 Remaster","David Bowie","rock",1973,128,57,58,-9,36,82,"248",38,3,64
"At Last","Etta James","oldies",1960,87,35,27,-9,33,33,"180",55,3,74
"Message To My Girl","Split Enz","alternative",1983,105,40,61,-15,5,71,"244",10,3,33
"Hotel California - 2013 Remaster","Eagles","rock",1976,147,51,58,-9,6,61,"391",1,3,82
"Badlands","Bruce Springsteen","rock",1978,123,78,61,-8,28,85,"242",9,5,58
"Nothing Compares 2 U","Sinéad O'Connor","folk",1990,120,57,51,-7,11,16,"280",4,3,71
"Band On The Run - Remastered 2010","Paul McCartney","rock",1973,125,60,48,-9,11,67,"313",8,3,71
"Private Investigations","Dire Straits","rock",1982,84,10,55,-20,8,7,"407",70,3,38
"Free Bird","Lynyrd Skynyrd","rock",1973,117,85,28,-8,6,44,"559",1,5,71
"Blauwe Dag","Suzan & Freek","pop",2019,98,56,70,-7,28,51,"183",25,5,68
"Woman in Love","Barbra Streisand","oldies",1980,170,28,47,-16,13,33,"232",25,3,68
"Under Pressure - Remastered","Queen","rock",1982,114,71,67,-8,10,47,"248",42,5,72
"Iedereen Is Van De Wereld","The Scene","rock",2007,118,73,45,-7,29,38,"228",0,4,50
"Have You Ever Seen The Rain","Creedence Clearwater Revival","rock",1970,116,47,74,-13,19,89,"160",9,3,71
"(I Can't Get No) Satisfaction - Mono Version","The Rolling Stones","rock",1965,136,86,72,-8,13,93,"223",4,3,77
"So Lonely","The Police","rock",1978,77,57,54,-8,9,73,"290",1,16,66
"The Road To Mandalay","Robbie Williams","dance",2013,99,68,62,-8,16,53,"240",11,3,30
"Leaving, On a Jet Plane - Greatest Hits Version","John Denver","oldies",1973,121,19,41,-13,11,63,"246",85,3,64
"I Walk the Line","Johnny Cash","country",1970,99,26,71,-15,10,56,"177",88,4,71
"Out In The Fields","Gary Moore","rock",1985,180,95,44,-8,39,36,"258",3,6,52
"Father Figure","George Michael","dance",1998,102,39,48,-11,8,25,"340",23,3,51
"I'll Find My Way Home - Remastered","Jon & Vangelis","rock",1981,172,60,53,-10,7,71,"271",31,3,43
"Like a Prayer","Madonna","dance",2009,111,84,62,-5,18,26,"343",26,4,71
"I Can't Dance - 2007 Remaster","Genesis","rock",1991,108,53,91,-9,5,90,"241",50,5,54
"Overture","The Who","rock",1969,118,62,48,-10,14,19,"320",6,3,43
"Big Log - 2006 Remaster","Robert Plant","rock",2007,181,59,56,-9,20,68,"306",32,3,57
"Rosanna","TOTO","rock",1982,78,51,38,-13,21,74,"331",2,4,70
"Long Train Runnin'","The Doobie Brothers","rock",1973,117,91,57,-7,6,84,"207",9,4,71
"I Say a Little Prayer","Aretha Franklin","oldies",1968,133,36,59,-14,6,50,"217",48,4,75
"When We Were Young","Adele","soul",2016,144,59,38,-6,9,27,"291",35,5,73
"Always","Bon Jovi","metal",1994,141,66,38,-6,8,33,"353",12,3,76
"My Baby Just Cares for Me - 2013 Remastered Version","Nina Simone","oldies",1958,119,24,75,-15,9,43,"216",83,12,68
"Make Me Smile (Come up and See Me) - 2014 Remaster","Steve Harley","pop",1975,141,82,57,-8,9,77,"239",1,3,63
"Kingston Town","UB40","reggae",1989,102,25,96,-13,4,80,"228",16,6,49
"It's The End Of The World As We Know It (And I Feel Fine)","R.E.M.","alternative",1987,206,89,38,-9,3,80,"247",3,4,67
"You've Got a Friend","James Taylor","oldies",1971,92,28,70,-15,8,45,"269",68,3,68
"Max","Paolo Conte","pop",2017,125,40,50,-9,12,15,"225",34,3,25
"Never Gonna Give You Up","Rick Astley","dance",1987,113,94,73,-12,15,92,"213",14,4,66
"House Of The Rising Sun","The Animals","rock",1964,117,58,30,-7,10,23,"271",0,3,69
"Sympathy For The Devil","The Rolling Stones","rock",1989,115,69,57,-11,5,57,"377",60,28,56
"Summertime","Brainbox","rock",1969,89,55,38,-9,31,25,"263",4,3,36
"Smooth (feat. Rob Thomas)","Santana","blues",1999,116,92,61,-4,30,96,"295",16,3,70
"Uprising","Muse","rock",2009,128,91,60,-4,12,41,"305",0,8,76
"MacArthur Park - Single Version","Donna Summer","dance",1979,131,67,58,-12,5,45,"235",8,4,52
"Buffalo Soldier","Bob Marley & The Wailers","reggae",1983,124,46,93,-9,6,76,"256",14,31,73
"These Days","Foo Fighters","alternative",2011,135,66,53,-4,21,22,"298",0,3,64
"Dansen Aan Zee","BLØF","pop",2000,194,43,35,-11,10,26,"275",16,3,52
"Grounds for Divorce","Elbow","pop",2009,92,76,52,-5,57,63,"219",42,3,43
"Love of the Common People","Paul Young","rock",1991,91,61,74,-11,6,89,"221",9,8,55
"Relax","Frankie Goes To Hollywood","rock",1984,115,70,68,-13,5,69,"237",33,4,61
"Mirrors","Justin Timberlake","dance",2013,77,51,57,-7,9,51,"484",23,5,77
"Show Me The Way","Peter Frampton","rock",1975,130,73,70,-8,10,64,"243",43,3,66
"Onderweg","Abel","rock",2000,98,68,62,-6,8,41,"190",35,2,59
"Black Velvet","Alannah Myles","rock",1989,91,37,75,-10,11,47,"287",27,3,71
"Blurred Lines","Robin Thicke","dance",2013,120,60,85,-5,8,84,"264",0,4,76
"It Was A Very Good Year","Frank Sinatra","oldies",1965,80,14,22,-15,11,13,"267",86,3,62
"Zandloper","Typhoon","hip hop",2014,135,72,76,-8,95,51,"280",5,24,47
"Born To Be Wild - Single Version","Steppenwolf","rock",1968,146,73,44,-12,24,54,"213",26,10,67
"Bicycle Race - Remastered 2011","Queen","rock",1978,83,67,43,-6,10,61,"181",6,8,55
"Hallelujah","Lisa Lois","pop",2009,182,24,19,-13,11,11,"226",24,3,49
"I Will Wait","Mumford & Sons","folk",2012,131,76,48,-5,31,45,"277",1,3,69
"As Tears Go By - Mono Version","The Rolling Stones","rock",1965,113,28,33,-11,18,37,"165",72,3,53
"Jailhouse Rock","Elvis Presley","oldies",1958,167,58,65,-10,7,92,"146",41,8,73
"Take Me Out","Franz Ferdinand","alternative",2004,105,68,28,-9,14,49,"237",0,4,74
"September","Earth, Wind & Fire","dance",2018,126,83,69,-7,25,98,"215",17,3,82
"Heathens","Twenty One Pilots","rock",2016,90,40,73,-9,11,55,"196",8,3,81
"Frozen","Madonna","dance",2009,108,74,59,-8,18,29,"379",51,3,55
"Smells Like Teen Spirit","Nirvana","alternative",1991,117,91,50,-5,11,72,"302",0,6,74
"bad guy","Billie Eilish","pop",2019,135,43,70,-11,10,56,"194",33,38,95
"Calypso","John Denver","oldies",1975,180,43,22,-9,12,50,"216",82,3,54
"The Man Who Can't Be Moved","The Script","rock",2008,100,63,61,-5,10,33,"241",43,3,64
"Aan De Kust","BLØF","pop",1995,78,31,51,-10,13,22,"223",93,5,47
"Walk This Way (feat. Aerosmith)","Run–D.M.C.","hip hop",1986,106,58,76,-13,6,94,"310",1,5,68
"Paranoid - 2016 Remaster","Black Sabbath","rock",1970,163,66,42,-12,18,45,"168",0,7,68
"Born On The Bayou","Creedence Clearwater Revival","rock",1969,117,39,68,-16,11,55,"315",7,5,59
"So Long, Marianne","Leonard Cohen","folk",1967,95,40,54,-11,10,23,"341",70,3,62
"Lightning Crashes","Live","alternative",1994,90,43,39,-9,11,43,"326",24,4,64
"Ziggy Stardust - 2012 Remaster","David Bowie","rock",1972,161,56,44,-12,21,50,"194",5,12,64
"Mercedes Benz","Janis Joplin","blues",1971,87,11,70,-15,7,52,"108",94,55,58
"Blinded By The Light","Manfred Mann's Earth Band","rock",1976,142,70,46,-10,9,51,"428",29,7,61
"Feeling Good","Nina Simone","oldies",1965,79,33,40,-9,19,55,"174",86,4,74
"Burning Heart","Vandenberg","rock",1982,125,55,44,-10,18,49,"251",13,4,43
"We Belong to the Night","Ellen Foley","pop",1979,101,75,36,-9,23,42,"321",0,4,40
"Pokémon Theme-New Studio Recording","Jason Paige","pop",2017,145,91,57,-5,14,40,"197",3,5,41
"Honky Tonk Women - Mono Version","The Rolling Stones","rock",1971,120,78,56,-7,7,97,"179",36,6,67
"A Long December","Counting Crows","alternative",1996,71,58,39,-7,22,38,"295",47,3,63
"Turning Tables","Adele","soul",2011,80,45,31,-6,13,21,"250",95,3,66
"1999","Prince","funk",1982,119,73,87,-8,8,63,"379",14,8,68
"Around the World","Daft Punk","electronic",1997,121,80,96,-5,9,84,"430",0,15,70
"Tubular Bells","Mike Oldfield","rock",2012,149,20,28,-17,13,16,"809",49,3,31
"Black Magic Woman - 2018 Remaster","Fleetwood Mac","rock",1969,129,41,46,-11,28,44,"173",5,4,48
"Respect","Aretha Franklin","oldies",1967,115,56,81,-5,5,97,"148",16,4,73
"Listen to Your Heart","Roxette","pop",1988,86,58,54,-5,11,34,"328",11,3,76
"My Boy","Elvis Presley","oldies",1974,92,53,39,-12,61,37,"199",59,3,42
"War","Kensington","pop",2014,126,81,64,-6,7,72,"177",8,3,59
"Good Vibrations - Remastered","The Beach Boys","pop",1967,133,47,40,-8,11,39,"219",33,3,71
"MacArthur Park","Richard Harris","pop",1968,170,34,25,-16,14,37,"450",80,3,36
"Club Tropicana","Wham!","dance",1983,117,71,66,-9,65,81,"266",3,5,66
"Do They Know It's Christmas? - 1984 Version","Band Aid","electronic",2004,115,64,60,-7,10,35,"223",16,4,84
"Geef Mij Je Angst","Andre Hazes","pop",2018,140,57,34,-7,42,37,"257",6,3,30
"Poison","Alice Cooper","rock",1989,119,91,28,-6,18,26,"270",3,11,70
"Glory Box","Portishead","pop",1994,120,43,51,-10,6,21,"309",18,4,67
"Bad Moon Rising","Creedence Clearwater Revival","rock",1969,179,77,51,-6,6,94,"142",6,3,77
"CAN'T STOP THE FEELING! (Original Song from DreamWorks Animation's TROLLS)","Justin Timberlake","dance",2016,113,83,67,-6,10,70,"238",1,7,75
"Lose Yourself - From 8 Mile Soundtrack","Eminem","hip hop",2005,171,74,69,-5,36,6,"326",1,26,77
"The Logical Song - Remastered 2010","Supertramp","rock",1979,120,76,63,-6,15,70,"251",51,5,72
"Driving Home for Christmas","Chris Rea","rock",2007,180,66,50,-9,21,89,"240",33,4,80
"Voltooid Verleden Tijd","IOS","pop",2009,138,44,46,-9,10,15,"294",66,3,39
"Angel Of Harlem","U2","rock",1988,103,69,52,-11,11,93,"229",10,3,59
"Love Her Madly","The Doors","rock",1971,147,59,56,-7,4,97,"198",6,3,67
"Once in a Lifetime - 2005 Remaster","Talking Heads","alternative",1980,117,92,64,-6,62,87,"260",18,6,69
"American Idiot","Green Day","rock",2004,186,99,38,-2,37,77,"176",0,6,78
"Anne","Herman van Veen","pop",1986,115,8,67,-27,17,28,"228",67,4,42
"Hollereer","De Jeugd Van Tegenwoordig","hip hop",2008,190,76,79,-7,10,49,"346",3,24,46
"More Than Words","Extreme","rock",1990,92,13,63,-15,11,24,"334",47,3,67
"Don't Answer Me","The Alan Parsons Project","rock",1984,115,78,62,-9,22,63,"252",7,3,57
"The Passenger","Iggy Pop","alternative",1977,135,89,50,-5,73,70,"283",9,5,72
"Angel Of Death","Slayer","alternative",1986,90,100,28,-4,15,10,"291",0,16,57
"Arcade","Duncan Laurence","pop",2019,72,33,45,-13,14,27,"184",82,4,73
"I Put A Spell On You","Creedence Clearwater Revival","rock",1968,100,73,39,-8,10,62,"272",0,3,60
"Off the Wall","Michael Jackson","pop",1979,119,60,83,-14,8,92,"246",18,6,62
"Whole Lotta Love - 1990 Remaster","Led Zeppelin","rock",1969,90,90,41,-12,41,42,"334",5,41,76
"Nine Million Bicycles","Katie Melua","pop",2005,82,25,53,-16,12,34,"197",52,3,61
"Me and Bobby McGee","Janis Joplin","blues",1971,93,46,45,-11,15,66,"271",30,4,71
"All I Want","Kodaline","pop",2013,86,41,21,-10,8,16,"306",17,4,72
"Comfortably Numb","Pink Floyd","rock",1979,127,37,47,-13,8,17,"382",15,3,75
"Don't Stop 'Til You Get Enough - Single Version","Michael Jackson","pop",1979,119,82,88,-10,18,95,"365",13,9,74
"My Way","Frank Sinatra","oldies",1969,75,38,40,-7,12,23,"277",70,3,73
"The Life I Live","Q'65","rock",2016,131,46,60,-12,22,80,"204",10,4,27
"Thank You For The Music","ABBA","pop",1977,200,42,29,-9,10,35,"232",84,4,48
"Stand My Ground","Within Temptation","metal",2004,88,87,25,-4,12,13,"268",5,5,56
"Musica è","Eros Ramazzotti","pop",1988,125,28,53,-14,18,6,"659",24,3,38
"Is She Really Going Out With Him? - Live","Joe Jackson","rock",1982,111,42,56,-8,41,45,"269",91,7,35
"Time Is On My Side - Mono Version","The Rolling Stones","rock",1965,100,65,53,-9,11,42,"179",29,4,53
"Have A Little Faith In Me","John Hiatt","alternative",1987,156,41,45,-11,12,32,"245",74,3,51
"What A Wonderful World - Single Version","Louis Armstrong","oldies",1968,77,17,27,-21,12,20,"139",73,4,68
"September Morn","Neil Diamond","oldies",1979,129,23,42,-17,22,20,"232",63,4,59
"Major Tom","Peter Schilling","pop",2005,164,54,78,-6,22,68,"274",3,6,48
"All Star","Smash Mouth","alternative",1999,104,87,73,-6,9,78,"200",4,3,80
"Road Trippin'","Red Hot Chili Peppers","alternative",1999,204,47,24,-8,12,39,"205",31,4,62
"Listen to the Music","The Doobie Brothers","rock",1972,106,60,65,-13,7,91,"227",22,3,75
"Something Just Like This","The Chainsmokers","pop",2017,103,64,62,-7,16,45,"247",5,3,84
"Wake Me up Before You Go-Go","Wham!","dance",1984,82,57,62,-12,6,90,"231",27,4,79
"Sylvia","Focus","rock",1972,109,78,44,-5,14,61,"212",14,3,47
"Lover of the Light","Mumford & Sons","folk",2012,107,69,30,-7,27,37,"315",1,5,57
"Euphoria","Loreen","pop",2012,132,68,52,-5,6,11,"214",8,4,56
"The Boys Of Summer","Don Henley","rock",1984,177,55,52,-14,18,91,"289",50,4,76
"One Way Wind","The Cats","pop",1971,109,65,65,-10,18,72,"221",4,2,54
"Two Out of Three Ain't Bad","Meat Loaf","rock",1977,80,48,59,-9,9,49,"324",39,2,60
"Clown","Emeli Sandé","dance",2012,119,26,46,-8,11,23,"221",92,4,46
"Make It Wit Chu","Queens of the Stone Age","alternative",2007,92,81,70,-5,13,58,"290",36,3,59
"Islands In the Stream","Dolly Parton","country",1982,204,41,62,-12,9,74,"252",68,4,65
"Heart-Shaped Box","Nirvana","alternative",1993,203,64,26,-10,9,38,"281",20,6,74
"Stir It Up - Live At The Pavillon De Paris, 1977","Bob Marley & The Wailers","reggae",1978,91,82,67,-7,97,80,"317",10,5,40
"You Don't Fool Me - Remastered 2011","Queen","rock",1995,122,83,59,-6,38,58,"325",10,4,45
"Later Als Ik Groter Ben","BLØF","pop",2012,130,73,53,-5,8,57,"205",0,3,48
"Witchy Woman - Eagles 2013 Remaster","Eagles","rock",1972,99,57,56,-12,12,58,"251",36,3,56
"Alors on danse","Stromae","pop",2010,120,59,79,-9,7,73,"206",9,8,61
"Do I Ever","Kensington","pop",2016,163,79,39,-6,40,34,"204",0,5,53
"Home by the Sea - 2007 Remaster","Genesis","rock",1983,129,72,60,-8,8,56,"308",50,4,43
"Weak","Skunk Anansie","alternative",1995,94,77,53,-6,26,45,"212",1,3,24
"(Sittin' On) the Dock of the Bay","Otis Redding","soul",1968,104,37,77,-11,8,54,"164",68,3,73
"The Load-Out - Remastered","Jackson Browne","rock",2019,106,32,52,-12,13,31,"335",74,3,37
"Live Forever - Remastered","Oasis","pop",1994,84,79,10,-4,36,18,"277",0,4,55
"Hart Van Mijn Gevoel","De Kast","pop",1999,140,43,44,-10,14,26,"269",54,3,44
"Owner of a Lonely Heart","Yes","rock",1983,125,80,74,-6,26,89,"269",18,4,70
"Halo","Beyoncé","dance",2008,80,72,51,-6,6,47,"262",27,6,78
"When Doves Cry","Prince","funk",1984,126,99,73,-5,44,84,"353",1,5,70
"Need Your Love So Bad","Fleetwood Mac","rock",1989,147,18,36,-19,10,25,"233",13,3,49
"Good Riddance (Time of Your Life)","Green Day","rock",1997,95,43,48,-8,16,65,"153",18,3,75
"Wrong","Novastar","rock",2000,90,66,54,-8,55,49,"214",14,4,48
"Don't Stop Believin'","Journey","rock",1981,119,75,50,-9,45,51,"251",13,4,80
"Love & Hate","Michael Kiwanuka","soul",2016,170,49,28,-8,17,53,"427",16,3,66
"Champagne Supernova - Remastered","Oasis","pop",1995,150,80,29,-5,36,12,"448",47,4,63
"Bullet With Butterfly Wings - Remastered 2012","The Smashing Pumpkins","alternative",1995,122,72,40,-9,5,48,"258",0,6,71
"Sound and Vision - 2017 Remaster","David Bowie","rock",1977,106,80,67,-9,6,76,"184",3,4,62
"When The Sun Goes Down","Arctic Monkeys","rock",2006,169,88,35,-5,12,41,"202",3,20,57
"Ordinary World","Duran Duran","dance",1993,140,65,47,-10,14,40,"340",1,3,72
"Life's What You Make It - 1997 Remaster","Talk Talk","rock",1986,92,80,53,-8,4,94,"269",0,3,59
"Voulez-Vous","ABBA","pop",1979,127,78,71,-7,15,91,"309",12,4,53
"Twilight Zone","Golden Earring","rock",1982,119,76,66,-7,9,54,"478",1,4,47
"The Eve of the War","Jeff Wayne","pop",2010,127,59,40,-9,11,37,"263",8,4,28
"Up Around The Bend","Creedence Clearwater Revival","rock",1970,130,85,59,-6,27,81,"161",6,3,69
"Thunderstruck","AC/DC","rock",1990,134,89,50,-5,22,26,"293",0,4,81
"I'm Going Slightly Mad - Remastered 2011","Queen","rock",1991,116,83,64,-6,19,31,"263",57,5,48
"Love Of My Life - Remastered 2011","Queen","rock",1975,79,18,33,-12,12,26,"217",94,3,62
"Zij Gelooft In Mij","Andre Hazes","pop",2018,152,60,32,-6,25,18,"240",11,3,30
"Don't Let Me Be Misunderstood","Santa Esmeralda","dance",2003,118,82,67,-9,5,78,"629",3,8,59
"Everywhere - 2017 Remaster","Fleetwood Mac","rock",1987,115,49,73,-11,9,73,"227",26,3,78
"Riders on the Storm","The Doors","rock",1971,104,72,55,-12,11,72,"435",25,3,74
"The Blower's Daughter","Damien Rice","pop",2003,133,20,34,-14,34,7,"287",13,3,56
"Bend & Break","Keane","rock",2004,138,84,47,-4,16,48,"220",0,3,43
"Con Te Partirò","Andrea Bocelli","oldies",1995,135,37,24,-8,9,30,"251",84,3,66
"Down Man","Brainbox","rock",2015,168,76,43,-9,10,51,"155",0,6,35
"Not An Addict","K's Choice","alternative",2009,169,65,26,-7,12,34,"288",0,4,43
"The Man Who Sold The World","Nirvana","alternative",1994,115,75,48,-9,26,42,"261",43,8,73
"Sweet Jane","Lou Reed","rock",2008,115,46,83,-10,70,88,"331",48,6,43
"Jungleland","Bruce Springsteen","rock",1975,134,58,30,-6,7,18,"576",37,3,51
"Mia","Gorki","rock",2002,114,30,70,-17,10,23,"332",4,3,52
"Don't You (Forget About Me)","Simple Minds","rock",2019,111,75,67,-9,29,69,"261",8,3,73
"Alive","Pearl Jam","alternative",1991,75,88,28,-6,40,60,"341",1,4,75
"Feel Good Inc.","Gorillaz","alternative",2005,139,71,82,-7,61,77,"223",1,18,80
"Paradise City","Guns N' Roses","metal",1987,100,98,27,-6,18,40,"406",2,10,71
"Uncertain Smile","The The","rock",1983,143,76,60,-12,10,84,"409",6,5,48
"Gute Nacht Freunde","Reinhard Mey","pop",1974,100,25,55,-18,69,29,"149",94,6,46
"Father And Son","Yusuf / Cat Stevens","folk",1970,136,33,50,-11,10,40,"221",59,3,74
"Love On Top","Beyoncé","dance",2011,94,75,65,-5,60,65,"267",8,9,76
"Heart of Gold - 2009 Remaster","Neil Young","rock",1972,171,46,54,-10,10,80,"187",19,3,71
"Empire State of Mind (Part II) Broken Down","Alicia Keys","pop",2009,93,37,48,-8,12,14,"216",74,3,75
"I'm Still Standing","Elton John","rock",1983,177,90,50,-7,14,77,"183",36,18,79
"Water of Love","Dire Straits","rock",1978,121,57,80,-13,11,96,"327",45,3,41
"Praying for Time","George Michael","dance",1998,128,80,57,-8,9,21,"281",2,3,45
"Roadhouse Blues","The Doors","rock",1970,121,63,61,-8,15,90,"244",34,3,73
"Love On The Rocks","Neil Diamond","oldies",2017,103,31,40,-8,12,31,"262",92,3,40
"One Kiss (with Dua Lipa)","Calvin Harris","dance",2018,124,86,79,-3,8,59,"215",4,11,86
"Kiss from a Rose","Seal","soul",1994,132,53,58,-7,31,22,"288",68,3,72
"So Far Away","Dire Straits","rock",1985,114,46,69,-12,6,70,"312",25,3,50
"Golden Years - 2016 Remaster","David Bowie","rock",1976,108,70,68,-10,11,93,"243",32,4,60
"(What A) Wonderful World","Sam Cooke","oldies",2000,129,51,69,-10,46,89,"125",63,3,71
"Hey You","Pink Floyd","rock",1979,112,30,59,-15,13,19,"278",22,3,68
"Lady Jane - (Original Single Mono Version)","The Rolling Stones","rock",2004,205,47,38,-12,9,31,"190",34,5,34
"Ventura Highway","America","rock",1972,131,58,67,-10,6,82,"211",22,3,69
"Back Home","Golden Earring","rock",2010,123,84,47,-6,10,74,"232",6,5,37
"Wouldn't It Be Nice - Stereo Mix","The Beach Boys","pop",1966,125,63,39,-7,13,72,"153",72,3,72
"You Are So Beautiful","Joe Cocker","rock",1974,83,18,30,-11,13,9,"160",85,3,57
"Liefs Uit Londen","BLØF","pop",1998,77,13,44,-19,18,13,"239",81,4,51
"Heal the World","Michael Jackson","pop",1991,81,49,53,-8,10,10,"384",54,5,68
"One","Mary J. Blige","dance",2005,186,87,34,-3,13,27,"260",8,8,61
"Halo of Flies","Alice Cooper","rock",1971,122,57,39,-13,9,40,"502",39,5,44
"It's My Life - 1997 Remaster","Talk Talk","rock",1984,126,80,63,-8,40,87,"232",20,3,69
"Fool's Overture","Supertramp","rock",1977,135,31,41,-10,7,7,"653",31,4,56
"Brabant","Guus Meeuwis","pop",2002,82,47,41,-7,10,39,"210",56,3,61
"One More Light","Linkin Park","alternative",2017,84,20,59,-11,9,17,"255",90,3,75
"Hocus Pocus","Focus","rock",2001,184,82,26,-6,28,40,"403",2,15,53
"P.Y.T. (Pretty Young Thing)","Michael Jackson","pop",1982,127,82,89,-5,13,96,"239",23,4,71
"Jeanny","Falco","pop",1985,106,66,65,-10,19,45,"356",45,5,58
"Oh, Pretty Woman","Roy Orbison","oldies",1962,127,60,62,-9,7,96,"179",72,3,73
"De Zon Op","Diggy Dex","hip hop",2018,100,57,74,-8,10,57,"209",51,4,52
"Go Like Elijah","Chi Coltrane","alternative",2009,134,88,63,-5,17,49,"242",4,4,40
"More Than a Feeling","Boston","rock",1976,109,68,38,-8,5,29,"285",0,3,78
"Titanium (feat. Sia)","David Guetta","dance",2011,126,79,60,-4,13,30,"245",7,10,67
"Storm And Thunder","Earth & Fire","pop",1971,133,33,27,-11,13,6,"388",5,4,24
"Uncharted","Kensington","pop",2019,139,53,59,-7,29,23,"241",14,3,65
"Your Latest Trick","Dire Straits","rock",1985,123,41,70,-14,14,26,"394",72,3,46
"Like The Way I Do","Melissa Etheridge","folk",1988,101,84,60,-13,6,64,"324",4,4,57
"Little Lion Man","Mumford & Sons","folk",2009,139,48,52,-8,9,46,"247",3,3,67
"World Gone Mad","Bastille","pop",2017,140,68,51,-3,18,36,"196",28,3,64
"Chasing Pavements","Adele","soul",2008,80,47,62,-6,11,33,"211",31,3,63
"Hemel Valt","Typhoon","hip hop",2014,97,74,66,-7,33,74,"161",24,14,43
"One Of Us","ABBA","pop",1981,82,40,65,-15,7,86,"237",48,4,59
"Eternal Flame","The Bangles","rock",2004,79,36,53,-7,9,40,"238",53,2,70
"Stay - Remastered","Jackson Browne","rock",2019,107,77,60,-8,11,72,"204",10,3,36
"Tragedy","Bee Gees","oldies",1979,118,53,67,-11,30,81,"303",9,3,64
"The Thrill Is Gone","B.B. King","blues",1969,91,46,55,-9,10,54,"325",34,3,60
"Pompeii","Bastille","pop",2013,127,72,68,-6,27,57,"214",8,4,70
"The Day After Tomorrow","Saybia","rock",2005,76,77,46,-5,14,35,"234",1,3,51
"Mr. Jones","Counting Crows","alternative",1993,142,82,58,-7,28,73,"272",18,4,76
"Blauwe Ruis","BLØF","pop",2002,130,70,52,-7,13,35,"268",4,4,41
"Living Doll - 2003 Remaster","Cliff Richard & The Drifters","rock",2015,127,47,76,-7,10,77,"157",54,4,33
"Stay With Me","Sam Smith","pop",2014,84,42,42,-6,11,18,"173",59,4,84
"Somebody to Love","George Michael","dance",1998,110,86,33,-7,97,38,"319",5,5,57
"You Oughta Know","Alanis Morissette","alternative",2005,105,86,64,-7,87,47,"250",23,7,52
"Riverside","Agnes Obel","pop",2010,99,19,65,-14,13,23,"231",98,3,48
"Jump Around","House Of Pain","hip hop",1992,107,71,85,-6,17,82,"215",1,8,74
"Whatever You Want","Status Quo","rock",2016,123,55,55,-11,18,42,"242",85,4,36
"A Ton of Love","Editors","alternative",2013,142,96,46,-4,28,40,"238",7,6,26
"Give A Little Bit","Supertramp","rock",1977,91,82,53,-5,26,47,"248",7,5,74
"Mushanga","TOTO","rock",1988,122,31,72,-19,9,51,"335",9,4,45
"Songbird - 2004 Remaster","Fleetwood Mac","rock",1977,184,9,39,-15,10,36,"201",98,3,56
"Skin","Rag'n'Bone Man","soul",2017,171,75,56,-8,15,35,"240",27,31,69
"Why Tell Me Why","Anita Meyer","pop",2010,112,77,65,-6,59,38,"214",23,6,54
"White Room","Cream","rock",1968,110,58,55,-13,4,46,"298",19,3,74
"Lucky Man - 2012 Remastered Version","Emerson, Lake & Palmer","rock",1970,154,38,35,-16,5,48,"276",9,3,60
"We Are The World","U.S.A. For Africa","electronic",1985,73,45,53,-15,7,29,"427",19,4,70
"Bedshaped","Keane","rock",2004,75,41,33,-7,10,7,"276",61,3,41
"Million Years Ago","Adele","soul",2016,106,27,72,-8,11,18,"227",73,3,62
"Back In Black","AC/DC","rock",1980,188,70,31,-6,8,76,"255",1,5,83
"Halt mich","Herbert Grönemeyer","pop",2008,104,44,29,-7,8,16,"207",79,3,44
"Sebastian - 2012 Remaster","Steve Harley & Cockney Rebel","pop",1973,140,24,25,-14,7,21,"421",68,3,46
"Love Like Blood","Killing Joke","alternative",2019,124,76,40,-8,37,49,"261",10,5,37
"Everybody's Changing","Keane","rock",2004,94,84,52,-4,10,46,"215",0,3,54
"Why Can't This Be Love","Van Halen","rock",1986,88,63,53,-13,8,75,"228",6,5,65
"Daniel","Elton John","rock",1973,132,48,69,-12,9,90,"235",38,3,65
"Killing In The Name","Rage Against The Machine","alternative",1992,89,83,47,-4,3,66,"314",3,30,78
"Unintended","Muse","rock",1999,139,28,49,-12,11,16,"237",65,3,61
"Scarborough Fair / Canticle","Simon & Garfunkel","rock",1966,129,25,34,-16,11,30,"190",65,3,63
"Lego House","Ed Sheeran","pop",2011,160,64,59,-8,13,56,"185",56,10,71
"Starman - 2012 Remaster","David Bowie","rock",1972,100,45,49,-10,54,55,"254",17,3,74
"Massachussetts","Bee Gees","oldies",1968,102,44,48,-14,6,42,"148",1,3,57
"Both Sides Now","Joni Mitchell","folk",2000,78,14,26,-14,10,14,"345",87,3,65
"Everybody (Backstreet's Back) - Radio Edit","Backstreet Boys","pop",2013,108,87,74,-3,27,59,"225",3,4,62
"Love Is A Losing Game","Amy Winehouse","soul",2006,165,56,48,-6,18,54,"154",32,3,67
"She","Elvis Costello","rock",2012,131,28,33,-13,13,28,"188",43,3,64
"Hall of Fame","The Script","rock",2012,85,87,42,-4,12,63,"203",7,6,70
"No One Knows","Queens of the Stone Age","alternative",2002,171,58,51,-5,37,67,"279",3,6,65
"I Want You","Elvis Costello & The Attractions","rock",1986,123,13,50,-18,36,21,"401",35,8,51
"Wonderful Tonight","Eric Clapton","rock",1977,96,21,57,-16,13,49,"225",65,3,73
"(Don't Fear) The Reaper","Blue Öyster Cult","rock",1976,141,93,33,-9,30,38,"308",0,7,75
"Sylvia's Mother","Dr. Hook","pop",1972,167,47,30,-13,34,58,"228",69,5,58
"Foto Van Vroeger","Rob De Nijs","pop",1980,178,29,30,-16,29,14,"280",67,5,31
"Streets of London","Ralph McTell","folk",1969,156,30,40,-15,10,19,"249",63,3,57
"Als Het Avond Is","Suzan & Freek","pop",2018,105,47,72,-7,11,45,"206",53,3,65
"Skyfall - Full Length","Adele","soul",2012,76,55,35,-7,11,8,"286",42,3,74
"Big in Japan","Alphaville","dance",1984,98,41,75,-15,34,24,"286",7,4,66
"Raspberry Beret","Prince","funk",1985,121,67,76,-13,7,91,"215",21,4,69
"Monkey Gone to Heaven","Pixies","alternative",1989,116,39,65,-12,32,60,"177",2,3,61
"The Invisible Man - Remastered 2011","Queen","rock",1989,120,79,70,-7,33,56,"238",19,4,47
"Liquid Spirit - Claptone Remix","Gregory Porter","jazz",2015,121,62,88,-9,5,30,"384",0,5,63
"Don't Think Twice, It's All Right","Bob Dylan","rock",1963,111,24,60,-17,25,47,"217",89,4,65
"Hey Joe","Jimi Hendrix","rock",1967,169,77,35,-6,2,53,"210",1,4,71
"Ben - Single Version","Michael Jackson","pop",1972,136,16,44,-11,11,29,"167",91,3,53
"I Am...I Said - Single Version","Neil Diamond","oldies",1971,91,38,25,-14,11,51,"213",14,3,60
"Big Love","Fleetwood Mac","rock",1988,125,76,64,-12,13,64,"219",1,5,49
"New Year's Day","U2","rock",1998,133,80,52,-6,61,63,"257",0,3,58
"Rock and Roll - Remaster","Led Zeppelin","rock",1971,170,89,32,-7,9,87,"221",0,4,67
"Fernando","ABBA","pop",1976,111,53,35,-9,8,47,"256",58,3,56
"Tunnel of Love (Intro: The Carousel Waltz)","Dire Straits","rock",1980,137,69,49,-11,28,56,"489",25,4,43
"Pride (In The Name Of Love) - Remastered 2009","U2","rock",1984,106,84,46,-7,78,71,"228",0,3,59
"A Winter's Tale - 2011 Remaster","Queen","rock",1995,54,56,36,-6,31,14,"230",18,3,29
"Angels","Robbie Williams","dance",1999,150,59,44,-7,10,25,"266",15,3,50
"Stars","Simply Red","soul",1991,104,82,72,-7,24,82,"249",15,3,49
"Just the Way You Are","Bruno Mars","dance",2010,109,84,64,-5,9,43,"221",2,4,80
"Why Don't You Do Right","Beth Hart","blues",2018,106,74,63,-8,17,67,"276",47,4,44
"Grenade","Bruno Mars","dance",2010,110,56,71,-7,12,23,"223",15,6,75
"Luka","Suzanne Vega","folk",1987,125,70,63,-11,12,80,"232",19,3,45
"Munich","Editors","alternative",2005,149,88,18,-4,32,39,"226",0,5,61
"One Moment in Time","Whitney Houston","dance",2012,155,54,27,-7,10,33,"285",49,3,54
"Piano Man","Billy Joel","rock",2001,179,47,33,-9,32,43,"336",60,3,70
"It's All Over Now - Mono Version","The Rolling Stones","rock",1964,99,69,60,-11,33,76,"206",2,3,46
"Message In A Bottle","The Police","rock",1979,151,81,58,-7,22,87,"290",3,4,74
"Mannish Boy","Muddy Waters","blues",1977,111,74,60,-11,68,62,"321",44,10,63
"I Alone","Live","alternative",1994,90,82,40,-7,37,10,"231",0,5,62
"You Can Leave Your Hat On","Joe Cocker","rock",1986,174,54,65,-13,19,90,"255",12,3,58
"Dance Monkey","Tones and I","pop",2019,98,59,82,-6,15,51,"209",69,9,100
"Run the World (Girls)","Beyoncé","dance",2011,127,90,73,-4,37,76,"236",0,14,75
"Super Trouper","ABBA","pop",1980,118,63,76,-8,17,96,"255",46,3,60
"Diamonds on the Soles of Her Shoes","Paul Simon","rock",1986,111,68,79,-10,22,88,"349",78,4,63
"Patience","Guns N' Roses","metal",1987,120,30,46,-13,11,33,"355",69,3,66
"Harvest Moon","Neil Young","rock",1992,113,31,65,-12,12,41,"303",53,3,71
"Gaia","Valensia","rock",1993,174,33,38,-13,21,20,"331",74,3,39
"The Sound of Silence","Disturbed","alternative",2015,86,28,32,-9,10,18,"248",47,3,75
"Mamma Mia","ABBA","pop",1975,138,75,75,-7,44,83,"215",29,3,63
"Graceland","Paul Simon","rock",1986,118,71,73,-9,8,85,"291",63,3,65
"Smooth Criminal - 2012 Remaster","Michael Jackson","pop",1987,118,98,85,-4,31,60,"258",25,8,76
"Through the Barricades - Remastered","Spandau Ballet","dance",2017,146,28,49,-14,12,17,"360",30,3,60
"Sunny Afternoon - Mono Mix","The Kinks","rock",1966,125,47,60,-8,6,49,"211",10,3,67
"Raise Your Glass","P!nk","dance",2010,122,71,70,-5,3,63,"203",0,8,76
"Looking Too Closely","Fink","pop",2014,175,52,48,-12,9,10,"311",33,4,63
"Twist in My Sobriety","Tanita Tikaram","pop",1988,115,56,78,-11,7,94,"292",7,3,46
"Down On The Corner","Creedence Clearwater Revival","rock",1969,108,54,86,-9,7,87,"166",58,8,73
"Fast Car","Tracy Chapman","folk",1988,104,29,71,-16,13,19,"297",31,4,77
"Don't Bring Me Down","Electric Light Orchestra","rock",1979,116,87,64,-6,8,81,"243",14,3,70
"Don't Look Back In Anger - Remastered","Oasis","pop",1995,163,92,33,-4,13,34,"290",6,6,63
"The Cross","Prince","funk",1987,99,64,44,-7,64,25,"286",53,6,42
"Meeting Across the River","Bruce Springsteen","rock",1975,105,29,46,-10,18,26,"197",82,3,43
"Vogue","Madonna","dance",2009,116,88,74,-6,42,33,"317",0,4,66
"The A Team","Ed Sheeran","pop",2011,85,29,64,-10,18,41,"258",67,4,76
"Tusk","Fleetwood Mac","rock",1988,181,62,61,-17,45,96,"210",24,8,54
"Child in Time","Deep Purple","rock",1970,127,46,34,-11,9,35,"620",17,4,45
"Famous Blue Raincoat","Leonard Cohen","folk",1971,119,4,47,-22,11,18,"311",95,4,63
"The Memory Remains","Metallica","alternative",1997,144,90,43,-4,21,60,"279",0,4,51
"A Whiter Shade of Pale - Original Single Version","Procol Harum","rock",2019,150,66,25,-7,9,44,"249",50,3,67
"50 Ways to Leave Your Lover","Paul Simon","rock",1975,102,37,82,-13,8,29,"217",17,8,69
"Beautiful Trauma","P!nk","dance",2017,96,62,41,-6,40,23,"250",9,7,68
"A Different Corner","George Michael","dance",1998,99,29,27,-10,11,15,"244",86,3,58
"Tiny Dancer","Elton John","rock",1971,145,43,41,-11,15,28,"377",38,3,79
"Working Class Hero - Remastered 2010 / Lennon Legend Version","John Lennon","rock",1970,159,17,48,-19,12,19,"228",73,5,57
"Seven Nation Army","The White Stripes","alternative",2003,124,46,74,-8,26,32,"232",1,8,74
"You Don't Bring Me Flowers","Neil Diamond","oldies",1978,67,12,16,-18,16,24,"195",88,4,56
"Sunny Days","Armin van Buuren","dance",2017,115,71,63,-7,14,24,"210",1,3,54
"Always On My Mind","Willie Nelson","country",1982,73,26,52,-14,14,20,"213",76,3,63
"Time Is Running Out","Muse","rock",2004,118,84,59,-6,9,43,"237",0,6,69
"Cry Baby","Janis Joplin","blues",1971,83,42,47,-10,5,50,"239",52,3,66
"Pastorale - Remastered","Liesbeth List","rock",1968,112,52,46,-9,28,35,"256",65,3,45
"Epic","Faith No More","alternative",1989,174,89,36,-7,13,26,"294",2,12,68
"Numb","Linkin Park","alternative",2003,110,86,50,-4,64,24,"186",0,4,81
"The Power Of Love","Frankie Goes To Hollywood","rock",1984,123,16,46,-17,18,10,"333",38,3,72
"Woman","Wolfmother","alternative",2006,113,95,22,-4,16,17,"176",0,18,62
"Honesty","Billy Joel","rock",1978,135,27,55,-15,11,21,"234",42,3,59
"Supermassive Black Hole","Muse","rock",2006,120,92,67,-4,9,78,"212",5,4,73
"Homeless (with Ladysmith Black Mambazo)","Paul Simon","rock",1986,91,27,40,-16,26,29,"228",88,7,49
"Layla - Acoustic; Live at MTV Unplugged, Bray Film Studios, Windsor, England, UK, 1/16/1992; 2013 Remaster","Eric Clapton","rock",1992,94,52,56,-12,94,64,"289",32,5,70
"Don't Cry (Original)","Guns N' Roses","metal",1991,125,59,46,-9,10,24,"284",0,3,74
"Moondance","Van Morrison","rock",2015,135,33,65,-11,22,52,"272",43,3,42
"Hello","Adele","soul",2016,158,45,48,-6,9,29,"295",34,3,73
"On Every Street","Dire Straits","rock",1991,132,27,32,-11,17,15,"302",58,4,56
"Dat Ik Je Mis","Maaike Ouboter","pop",2015,174,13,50,-13,10,28,"256",88,6,29
"Have I Told You Lately","Van Morrison","rock",1989,144,48,34,-10,14,18,"260",28,3,68
"Disco Inferno","The Trammps","dance",2016,130,70,68,-9,14,81,"214",0,3,54
"She Will Be Loved","Maroon 5","pop",2002,102,71,71,-6,13,54,"257",6,3,74
"In These Arms","Bon Jovi","metal",1992,123,92,51,-3,21,46,"319",1,6,59
"The Day Before You Came","ABBA","pop",1981,108,39,80,-15,5,74,"349",5,4,51
"Bigmouth Strikes Again - 2011 Remaster","The Smiths","dance",1986,135,90,40,-5,54,84,"193",7,4,67
"When Love Comes To Town","U2","rock",1988,116,67,65,-11,13,59,"254",5,4,50
"Don't Let the Sun Go Down on Me","George Michael","dance",1998,135,55,44,-8,54,26,"347",49,3,66
"Papillon","Editors","alternative",2009,126,95,51,-5,30,63,"324",0,6,56
"Magnificent (She Says)","Elbow","pop",2017,92,87,51,-7,5,39,"266",19,5,31
"Master Blaster (Jammin')","Stevie Wonder","oldies",1980,131,42,88,-15,18,97,"308",4,5,61
"Road to Nowhere","Talking Heads","alternative",1985,110,71,66,-8,15,63,"259",4,3,55
"Mother Earth","Within Temptation","metal",2003,105,59,43,-6,24,15,"330",2,3,45
"Don't Know Why","Norah Jones","oldies",2002,88,20,73,-12,7,62,"186",88,3,74
"This Is What It Feels Like","Armin van Buuren","dance",2013,130,83,55,-5,6,14,"204",4,3,65
"Sailing","Rod Stewart","oldies",1975,129,37,43,-10,32,19,"278",37,3,68
"Suzie Q","Creedence Clearwater Revival","rock",1968,130,62,44,-11,17,70,"517",6,3,56
"Get Ready","Rare Earth","blues",1969,127,87,41,-6,83,65,"1,292",0,4,45
"I Surrender","Saybia","rock",2004,136,43,28,-7,6,7,"219",28,3,55
"Resistance","Muse","rock",2009,135,77,47,-7,11,9,"347",6,5,63
"Rehab","Amy Winehouse","soul",2006,72,87,43,-3,40,73,"214",5,7,74
"Waves","Mr. Probz","hip hop",2013,174,28,36,-12,38,20,"174",54,4,59
"Make You Feel My Love","Adele","soul",2008,77,18,55,-11,11,9,"212",89,3,73
"Papa Can You Hear Me?","Barbra Streisand","oldies",1983,90,14,27,-16,9,13,"211",93,4,46
"Too Much Love Will Kill You - 2011 Remaster","Queen","rock",1995,73,40,41,-8,16,21,"259",58,3,49
"Give It Away","Red Hot Chili Peppers","alternative",1991,92,94,67,-10,15,78,"283",0,5,73
"Suite: Judy Blue Eyes - Remastered","Crosby, Stills & Nash","rock",1969,154,36,45,-13,20,30,"444",47,4,67
"Superheroes","The Script","rock",2014,167,89,49,-4,7,64,"245",0,4,75
"Almost Cut My Hair","Crosby, Stills, Nash & Young","rock",1970,137,47,47,-10,16,57,"269",18,4,62
"The Man with the Child in His Eyes","Kate Bush","pop",1978,90,26,25,-11,14,20,"159",96,3,53
"Bad - 2012 Remaster","Michael Jackson","pop",1987,114,89,79,-4,7,39,"247",0,4,68
"tous les mêmes","Stromae","pop",2013,110,64,70,-9,28,65,"211",22,17,53
"Disarm - Remastered","The Smashing Pumpkins","alternative",1993,130,42,53,-10,14,22,"197",14,3,62
"It Must Have Been Love - From the Film Pretty Woman","Roxette","pop",1990,81,65,52,-7,26,72,"259",34,3,73
"Mercy","Muse","rock",2015,130,93,48,-5,31,37,"232",1,5,60
"Empire State Of Mind","JAY-Z","hip hop",2009,174,96,49,-2,46,81,"277",3,39,77
"Dancing On My Own","Calum Scott","pop",2019,113,17,68,-9,10,24,"260",84,3,28
"lippy kids","Elbow","pop",2011,155,20,42,-15,8,10,"366",96,3,29
"Livin' Thing","Electric Light Orchestra","rock",1976,123,65,55,-7,12,37,"212",58,3,70
"Three Little Birds","Bob Marley & The Wailers","reggae",1977,148,48,81,-10,5,62,"180",1,6,78
"Wuthering Heights","Kate Bush","pop",1978,125,39,48,-11,12,52,"269",37,3,68
"Pretty Fly (For A White Guy)","The Offspring","alternative",1998,143,90,72,-4,7,96,"189",9,10,72
"Night Fever - From Saturday Night Fever Soundtrack","Bee Gees","oldies",1990,109,51,74,-16,14,90,"210",2,3,54
"Find The River","R.E.M.","alternative",1992,145,44,42,-9,14,30,"230",22,3,58
"Still Crazy After All These Years","Paul Simon","rock",1975,37,25,27,-12,9,13,"207",80,4,61
"Into My Arms - 2011 Remastered Version","Nick Cave & The Bad Seeds","rock",1997,94,9,48,-18,11,22,"256",89,4,65
"Wake Me Up","Avicii","dance",2013,124,78,53,-6,16,64,"247",0,5,85
"Telegraph Road","Dire Straits","rock",1982,125,59,38,-10,27,28,"859",2,3,41
"Bad - Remastered 2009","U2","rock",1984,99,68,37,-9,9,34,"368",1,3,41
"Moonlight Shadow","Mike Oldfield","rock",2009,129,72,61,-8,36,80,"218",29,3,64
"I'm On Fire","Bruce Springsteen","rock",1984,89,45,62,-14,7,87,"156",59,3,74
"Little Wing","Jimi Hendrix","rock",1967,71,53,52,-8,5,43,"146",18,8,69
"Children","Robert Miles","dance",1996,137,76,60,-11,6,39,"243",0,3,67
"Sex Machine - Pt. 1 & 2","James Brown","funk",1975,106,96,68,-6,35,61,"715",18,9,27
"Hometown Glory","Adele","soul",2008,123,34,45,-9,10,21,"269",96,4,59
"Dreadlock Holiday","10cc","rock",1978,105,38,84,-13,20,89,"268",54,6,67
"Nights On Broadway","Bee Gees","oldies",1975,89,64,57,-9,86,61,"271",24,4,53
"She's The One","Robbie Williams","dance",1998,167,61,24,-8,22,33,"258",66,3,68
"Calling Elvis","Dire Straits","rock",1991,120,57,61,-12,16,39,"385",9,3,54
"Lonely Boy","The Black Keys","alternative",2011,166,87,36,-8,10,61,"194",0,7,73
"Barracuda","Heart","rock",1977,137,69,55,-14,14,67,"262",2,4,74
"The Great Gig in the Sky","Pink Floyd","rock",1973,116,22,28,-14,8,18,"284",77,3,66
"Stuck In A Moment You Can't Get Out Of","U2","rock",2000,159,64,52,-5,17,32,"272",39,2,52
"The Promise You Made","Cock Robin","dance",2010,117,41,71,-14,15,65,"227",38,4,48
"Homeward Bound","Simon & Garfunkel","rock",1966,93,38,49,-12,10,53,"150",83,3,65
"Midnight Train to Georgia","Gladys Knight & The Pips","pop",1973,92,38,59,-12,10,45,"279",27,5,67
"To Love Somebody","Bee Gees","oldies",1967,90,38,42,-13,27,52,"182",73,3,66
"Another One Bites The Dust - Remastered 2011","Queen","rock",1980,110,53,93,-6,16,76,"215",11,16,74
"Ashes to Ashes - 2017 Remaster","David Bowie","rock",1980,120,74,71,-11,26,87,"266",27,5,62
"I Was Made For Lovin' You","KISS","rock",1979,128,85,77,-6,7,87,"271",21,4,78
"1979 - Remastered 2012","The Smashing Pumpkins","alternative",1995,127,79,77,-10,5,96,"266",2,3,74
"Het Land Van","Lange Frans","hip hop",2005,83,53,66,-9,14,61,"230",89,17,49
"You're My Best Friend - Remastered 2011","Queen","rock",1975,119,76,52,-7,7,58,"171",16,5,61
"Faded","Alan Walker","electronic",2018,180,63,47,-5,11,16,"212",3,5,80
"Working On a Dream","Bruce Springsteen","rock",2009,110,77,56,-7,22,71,"209",0,3,48
"The Rising","Bruce Springsteen","rock",2002,110,76,50,-6,9,33,"287",7,3,53
"Driver's Seat","Sniff 'n' The Tears","pop",2011,133,80,74,-8,19,98,"239",0,4,54
"The Whole of the Moon","The Waterboys","rock",1998,106,85,54,-6,60,60,"299",7,3,59
"Shine On You Crazy Diamond (Pts. 1-5)","Pink Floyd","rock",1975,138,29,27,-12,11,4,"811",77,3,66
"London Calling - Remastered","The Clash","rock",1979,134,80,65,-7,8,78,"200",12,5,73
"Rock with You - Single Version","Michael Jackson","pop",1979,114,54,81,-13,16,85,"221",18,4,73
"Lovely Day","Bill Withers","soul",1977,98,65,69,-8,11,71,"255",29,3,72
"Songbird","Eva Cassidy","oldies",1997,153,23,38,-12,13,15,"225",85,3,61
"The Ballroom Blitz","Sweet","rock",1976,109,88,62,-7,4,83,"242",0,8,54
"Ace of Spades","Motörhead","rock",1980,140,98,32,-7,9,23,"166",0,17,74
"Done With It","Kensington","pop",2014,116,78,65,-7,10,63,"203",13,4,49
"Sexual Healing","Marvin Gaye","soul",1982,94,60,81,-10,6,75,"239",12,6,71
"On the Border - 2001 Remaster","Al Stewart","rock",1991,98,64,48,-12,8,73,"202",6,3,49
"Superstition - Single Version","Stevie Wonder","oldies",2002,100,63,63,-12,4,87,"245",4,7,77
"Son of a Preacher Man","Dusty Springfield","oldies",1969,182,50,40,-11,13,82,"149",39,8,61
"The Unforgiven","Metallica","alternative",1991,139,60,54,-10,13,25,"387",1,3,65
"Going To A Town","Rufus Wainwright","pop",2007,124,46,56,-7,10,19,"245",72,3,38
"Liberian Girl - 2012 Remastered Version","Michael Jackson","pop",1987,105,55,75,-7,13,45,"233",46,10,59
"I Sat By The Ocean","Queens of the Stone Age","alternative",2013,117,78,52,-4,11,90,"236",0,4,66
"Need You Now","Lady Antebellum","country",2010,108,72,58,-4,24,32,"236",3,3,53
"Sunshine Of Your Love","Cream","rock",1967,115,48,68,-13,12,78,"250",48,4,74
"Zombie","The Cranberries","rock",1994,167,64,31,-9,37,31,"306",2,3,80
"Magnificent","U2","rock",2009,115,72,53,-6,11,59,"324",0,3,44
"Watskeburt?!","De Jeugd Van Tegenwoordig","hip hop",2008,130,49,95,-8,23,59,"376",1,23,55
"Levels","Avicii","dance",2011,126,83,60,-7,34,35,"339",3,4,58
"I Would Die 4 U","Prince","funk",1984,135,75,73,-10,20,64,"179",9,3,60
"Walk On the Wild Side","Lou Reed","rock",1972,105,32,57,-17,9,39,"254",68,11,75
"With A Little Help From My Friends","Joe Cocker","rock",1969,145,43,31,-11,10,31,"312",29,6,69
"Time To Say Goodbye (Con Te Partirò)","Sarah Brightman","pop",2006,105,44,29,-7,10,45,"246",91,3,59
"One Love / People Get Ready - Medley","Bob Marley & The Wailers","reggae",1977,76,52,73,-10,7,95,"173",8,32,74
"Blackstar","David Bowie","rock",2016,98,55,37,-8,18,11,"598",21,3,55
"Blue Monday - 2016 Remaster","New Order","alternative",2005,130,70,79,-10,8,86,"451",0,6,73
"I Heard It Through The Grapevine","Creedence Clearwater Revival","rock",1970,119,84,63,-6,10,88,"663",8,5,47
"You're the Voice","John Farnham","pop",2008,85,76,37,-9,58,64,"302",22,5,62
"Be the One","Dua Lipa","dance",2015,87,65,66,-4,6,37,"203",12,5,73
"If You Leave Me Now","Chicago","oldies",1976,104,56,43,-7,13,28,"235",2,3,74
"Terug Naar De Kust","Maggie MacNeal","pop",2011,117,45,49,-9,62,40,"266",82,3,39
"N'oubliez Jamais","Joe Cocker","rock",1997,87,49,59,-8,6,35,"283",14,2,35
"Sovereign Light Café","Keane","rock",2012,123,73,54,-6,16,51,"219",1,3,51
"Go Your Own Way - 2004 Remaster","Fleetwood Mac","rock",1977,135,94,59,-5,7,83,"224",2,4,73
"Cold as Ice","Foreigner","rock",1977,133,49,52,-12,14,47,"201",10,3,68
"Sorry","Kensington","pop",2016,134,41,46,-8,10,9,"227",50,3,63
"Music","John Miles","pop",2004,87,31,27,-13,63,12,"352",1,3,46
"Sure Know Something","KISS","rock",1979,115,73,71,-6,13,93,"242",28,3,52
"Changes - 2015 Remaster","David Bowie","rock",1971,115,31,55,-12,11,41,"218",51,4,66
"Barcelona","Freddie Mercury","rock",2016,170,46,18,-9,9,13,"267",74,4,40
"Killer Queen - 2011 Mix","Queen","rock",1974,117,65,54,-6,14,61,"180",38,6,67
"Purple Haze","Jimi Hendrix","rock",1967,109,91,53,-5,7,49,"171",1,8,72
"Old and Wise","The Alan Parsons Project","rock",1982,112,32,38,-12,12,12,"295",73,3,58
"Fire and Rain","James Taylor","oldies",1970,76,35,61,-14,8,36,"201",50,4,73
"Diane","Therapy?","alternative",1995,124,43,42,-12,25,4,"300",68,4,44
"The Road Ahead (Miles Of The Unknown)","City To City","alternative",2004,99,46,54,-9,14,14,"247",0,2,45
"Blue Suede Shoes","Elvis Presley","oldies",1956,95,66,56,-8,14,96,"119",65,6,62
"Iron Sky","Paolo Nutini","soul",2014,140,63,39,-7,11,32,"373",24,3,49
"Why Worry","Dire Straits","rock",1985,94,13,60,-21,11,11,"511",93,3,44
"In My Blood","Shawn Mendes","pop",2018,140,71,62,-7,13,49,"211",6,7,82
"Bright Eyes","Art Garfunkel","oldies",1979,113,21,38,-16,8,21,"239",75,3,57
"Your Song","Elton John","rock",1970,128,32,55,-11,10,33,"242",83,3,77
"Believer","Imagine Dragons","rock",2017,125,78,78,-4,8,67,"204",6,13,88
"Tennessee Whiskey","Chris Stapleton","country",2015,49,37,39,-11,8,51,"293",21,3,78
"Natural","Imagine Dragons","rock",2018,100,61,70,-6,8,22,"189",22,4,84
"Fluorescent Adolescent","Arctic Monkeys","rock",2007,112,81,65,-5,14,82,"173",0,3,66
"Budapest","George Ezra","folk",2015,128,46,72,-8,11,39,"201",8,3,68
"Just Can't Get Enough (Live in Hammersmith) - 2018 Remaster","Depeche Mode","dance",1983,127,96,65,-11,64,94,"335",4,5,45
"Shake It Off","Taylor Swift","dance",2014,160,80,65,-5,33,94,"219",6,17,66
"Summer Of '69","Bryan Adams","rock",1984,139,83,51,-6,7,77,"216",2,4,81
"Tequila Sunrise - 2013 Remaster","Eagles","rock",1973,111,40,63,-13,11,73,"173",54,3,62
"Little Lies","Fleetwood Mac","rock",1988,125,69,63,-10,16,89,"218",12,3,59
"Greatest Love of All","Whitney Houston","dance",1985,131,31,50,-16,12,25,"291",48,3,66
"The One I Love - Remastered","R.E.M.","alternative",1987,128,84,49,-5,35,56,"198",0,4,63
"Circle Of Life","Elton John","rock",1995,160,61,28,-8,11,16,"290",28,4,54
"Beautiful People","Melanie","pop",1969,129,44,54,-9,40,37,"215",61,5,44
"Bloed, Zweet En Tranen","Andre Hazes","pop",2002,68,72,60,-4,35,37,"242",8,3,59
"Song Sung Blue - Single Version","Neil Diamond","oldies",1972,109,33,56,-16,32,33,"195",47,3,54
"One More Time","Daft Punk","electronic",2001,123,70,61,-9,33,48,"320",2,13,75
"Novocaine For The Soul","Eels","alternative",1996,169,72,41,-8,8,31,"189",0,4,54
"A Gentleman's Excuse Me","Fish","rock",2008,126,17,33,-14,32,19,"259",86,4,44
"Dreamer","Supertramp","rock",1974,148,41,66,-14,8,83,"213",86,7,59
"De wedstrijd","Bram Vermeulen","rock",2006,136,85,58,-6,79,58,"302",53,5,42
"Weekend","Earth & Fire","pop",1979,122,57,87,-11,13,56,"215",37,4,49
"Wannabe","Spice Girls","dance",1996,110,86,77,-6,16,89,"173",10,3,80
"Suspicious Minds","Elvis Presley","oldies",1969,117,38,49,-11,41,71,"261",4,3,72
"Morning Has Broken","Yusuf / Cat Stevens","folk",1971,133,32,42,-13,9,41,"200",62,3,68
"Get Lucky (feat. Pharrell Williams & Nile Rodgers) - Radio Edit","Daft Punk","electronic",2013,116,81,79,-9,10,86,"248",4,4,77
"I Still Haven't Found What I'm Looking For","U2","rock",1987,101,77,56,-9,9,66,"277",1,4,76
"Knockin' On Heaven's Door","Guns N' Roses","metal",1991,132,74,50,-7,11,38,"336",2,4,77
"Brilliant Disguise","Bruce Springsteen","rock",1987,126,73,70,-12,3,95,"255",15,3,57
"True Colors","Cyndi Lauper","dance",1986,172,14,39,-17,10,26,"226",79,4,69
"The Pretender","Foo Fighters","alternative",2007,173,96,43,-4,3,37,"269",0,4,76
"Let's Go Crazy","Prince","funk",1984,196,93,31,-6,11,38,"280",2,13,62
"Can I Play with Madness - 2015 Remaster","Iron Maiden","rock",1988,141,98,31,-3,26,63,"211",9,10,42
"Vertigo","U2","rock",2004,140,82,42,-4,15,63,"194",0,6,65
"The Way It Is","Bruce Hornsby","rock",1986,111,69,58,-12,14,53,"298",61,3,66
"Don't Go Breaking My Heart","Elton John","rock",1990,131,86,74,-8,7,78,"271",18,4,69
"Rivers of Babylon","Boney M.","dance",1978,115,85,73,-7,44,74,"261",13,4,65
"A Horse with No Name","America","rock",1972,123,51,65,-17,16,83,"252",69,5,77
"Live to Tell","Madonna","dance",1986,110,31,67,-14,11,27,"353",41,3,56
"A Kind Of Magic - Remastered 2011","Queen","rock",1986,130,78,67,-6,12,70,"264",2,4,54
"Where Do You Go To (My Lovely) - Re-Recorded","Peter Sarstedt","folk",2008,183,44,56,-8,12,44,"288",29,3,58
"Dat Komt Door Jou","Guus Meeuwis","pop",2010,134,53,59,-10,12,31,"287",38,4,57
"No Surprises","Radiohead","alternative",1997,76,39,26,-11,11,12,"229",6,3,71
"If You Could See Me Now","The Script","rock",2012,100,76,51,-7,14,35,"220",1,7,51
"Sunrise","Simply Red","soul",2004,106,73,79,-5,10,94,"200",0,3,55
"Undisclosed Desires","Muse","rock",2009,116,59,68,-7,8,64,"235",1,3,65
"Never Tear Us Apart","INXS","rock",1987,97,69,67,-6,17,28,"186",5,3,60
"Fade To Black (Remastered)","Metallica","alternative",1984,113,93,26,-7,11,28,"417",0,11,62
"Hammer To Fall - Remastered 2011","Queen","rock",1991,127,79,43,-5,13,51,"218",32,9,55
"Here Comes the Rain Again - Remastered Version","Eurythmics","dance",1983,126,76,65,-8,23,61,"295",1,3,62
"Zij Maakt Het Verschil","De Poema's","pop",2003,173,55,34,-8,12,36,"280",33,4,54
"Breakthru - Remastered 2011","Queen","rock",1989,90,86,57,-6,36,31,"248",6,9,48
"You Took The Words Right Out of My Mouth (Hot Summer Night)","Meat Loaf","rock",1977,125,68,46,-9,50,68,"304",25,8,57
"Trapped - Live at Meadowlands Arena, E. Rutherford, NJ - August 1984","Bruce Springsteen","rock",2003,162,62,32,-6,60,36,"308",3,3,40
"Let There Be Rock","AC/DC","rock",1977,91,73,49,-6,8,43,"366",0,9,62
"Solitary Man","Johnny Cash","country",2000,86,56,44,-7,25,70,"144",35,3,47
"You Can Call Me Al","Paul Simon","rock",1986,128,76,78,-8,8,82,"280",18,5,75
"Black Night","Deep Purple","rock",2000,135,79,50,-11,17,81,"207",17,7,39
"Little Talks","Of Monsters and Men","folk",2012,103,76,45,-5,15,42,"267",2,3,75
"Basket Case","Green Day","rock",1994,85,94,44,-3,9,78,"182",0,6,79
"Unchained Melody","The Righteous Brothers","oldies",1965,99,21,34,-17,18,29,"218",40,3,70
"Animals","Martin Garrix","dance",2013,128,87,68,-6,37,4,"304",0,4,65
"God Only Knows - Remastered","The Beach Boys","pop",1966,117,49,52,-8,6,48,"173",25,3,72
"Candy","Iggy Pop","alternative",1990,144,59,62,-11,5,65,"253",4,3,60
"Pinball Wizard","The Who","rock",1969,124,72,54,-9,26,47,"181",2,4,69
"You Can't Always Get What You Want","The Rolling Stones","rock",1969,86,62,32,-10,25,47,"449",64,6,67
"I Want It All - Remastered 2011","Queen","rock",1989,92,84,41,-6,37,39,"242",3,5,55
"Time After Time","Cyndi Lauper","dance",2014,130,44,72,-9,9,32,"243",58,3,72
"Someone Like You","Adele","soul",2011,135,33,56,-8,10,28,"285",89,3,79
"Une Belle Histoire (Een Mooi Verhaal)","Alderliefste","pop",2008,87,68,57,-8,18,67,"268",36,3,38
"Diamonds and Pearls","Prince","funk",1991,81,55,55,-10,7,29,"285",5,3,47
"Zelfs Je Naam Is Mooi","Henk Westbroek","alternative",1998,94,46,56,-7,21,45,"270",38,2,49
"Black Dog - Remaster","Led Zeppelin","rock",1971,81,86,44,-8,24,75,"295",40,9,73
"Move On Up","Curtis Mayfield","soul",1970,139,97,54,-6,12,93,"166",42,9,67
"Crazy","Seal","soul",2004,103,86,63,-7,7,73,"357",21,5,63
"Take This Waltz","Leonard Cohen","folk",1988,142,18,44,-16,24,35,"358",84,3,40
"I Bet You Look Good On The Dancefloor","Arctic Monkeys","rock",2006,103,95,54,-4,38,78,"174",0,4,58
"Hurricane","Bob Dylan","rock",1976,136,83,51,-8,12,74,"513",4,8,69
"Space Oddity - 2015 Remaster","David Bowie","rock",1969,140,44,30,-13,18,43,"319",7,3,73
"24K Magic","Bruno Mars","dance",2016,107,80,82,-4,15,63,"226",3,8,78
"Baker Street","Gerry Rafferty","rock",1978,114,35,50,-14,26,42,"366",9,3,69
"Non non rien n'a changé","Les Poppys","alternative",1998,84,48,50,-8,20,47,"190",48,9,50
"Under The Pressure","The War On Drugs","pop",2014,134,71,33,-7,13,19,"532",31,3,60
"Motorcycle Emptiness","Manic Street Preachers","alternative",2002,112,81,53,-4,16,21,"306",0,3,39
"Kiss","Prince","funk",1986,111,27,90,-12,5,74,"226",1,9,74
"Peaceful Easy Feeling - Eagles 2013 Remaster","Eagles","rock",1972,143,63,57,-12,25,87,"258",49,3,65
"Would?","Alice In Chains","alternative",1992,101,83,31,-8,9,59,"207",0,4,71
"De Weg","Guus Meeuwis","pop",2005,72,21,46,-11,11,26,"266",91,3,42
"In the Ghetto","Elvis Presley","oldies",1969,89,27,40,-17,11,49,"167",72,3,63
"Cocaine","J.J. Cale","blues",1976,104,41,79,-15,14,39,"169",41,5,59
"Home Again","Kensington","pop",2012,142,75,50,-6,35,30,"197",1,4,44
"Everybody Wants To Rule The World","Tears For Fears","rock",1985,112,80,65,-12,10,54,"251",35,5,80
"I Can't Make You Love Me","Bonnie Raitt","rock",1991,125,15,59,-17,24,11,"333",85,3,66
"Cleanin' Out My Closet","Eminem","hip hop",2002,148,76,91,-5,8,87,"298",7,17,71
"The Winner Takes It All","ABBA","pop",1980,127,79,46,-7,8,52,"295",55,4,59
"The Worker","Fischer-Z","rock",1979,82,52,48,-16,12,90,"215",2,3,44
"In the End","Linkin Park","alternative",2000,105,86,56,-6,21,40,"217",1,6,83
"Proud Mary","Creedence Clearwater Revival","rock",1969,121,39,72,-17,5,79,"187",16,3,60
"Human Touch","Bruce Springsteen","rock",1992,115,52,65,-14,10,45,"389",0,3,58
"Leave a Light On","Tom Walker","folk",2017,69,62,59,-6,13,27,"186",2,11,75
"Time In A Bottle","Jim Croce","oldies",1972,134,26,54,-12,15,64,"148",85,3,58
"One of These Days","Pink Floyd","rock",1971,104,51,38,-15,54,40,"355",1,5,55
"21 Guns","Green Day","rock",2009,160,74,27,-5,63,42,"321",5,4,75
"Us and Them","Pink Floyd","rock",1973,73,30,36,-15,63,13,"469",86,3,65
"It's A Long Way There - 2010 Digital Remaster","Little River Band","rock",1975,89,59,39,-11,15,30,"525",19,4,49
"Fly Like An Eagle","Steve Miller Band","rock",1976,100,75,56,-13,33,64,"283",61,11,68
"Hungry Heart","Bruce Springsteen","rock",1980,110,89,64,-7,16,97,"199",9,3,69
"Kayleigh","Marillion","rock",1992,106,67,56,-7,9,60,"243",2,3,58
"Behind Blue Eyes","Limp Bizkit","alternative",2003,120,49,60,-7,12,9,"270",50,3,72
"Thriller","Michael Jackson","pop",2017,118,89,76,-4,85,72,"358",8,7,69
"Kryptonite","3 Doors Down","alternative",2000,99,87,55,-6,17,54,"234",1,3,77
"Leef","André Hazes Jr.","pop",2016,121,73,67,-7,18,78,"218",28,4,62
"I Want You","Bob Dylan","rock",1966,100,68,51,-8,8,79,"185",36,4,58
"Man On The Moon","R.E.M.","alternative",1992,119,70,67,-8,20,66,"314",42,3,67
"LA Song","Beth Hart","blues",1999,130,62,77,-8,9,51,"217",10,4,41
"Lost on You","LP","pop",2017,174,72,43,-6,9,69,"268",10,4,78
"Goin To The Run","Golden Earring","rock",2008,124,59,47,-8,28,18,"236",42,3,38
"Stuck In The Middle With You","Stealers Wheel","rock",2009,124,56,80,-10,6,96,"204",9,4,72
"Shout","Tears For Fears","rock",1985,98,94,51,-10,14,50,"394",17,4,71
"The Way You Make Me Feel - 2012 Remaster","Michael Jackson","pop",1987,114,85,88,-5,14,54,"298",5,15,72
"I See Fire","Ed Sheeran","pop",2013,76,5,63,-21,10,20,"301",56,4,64
"School's Out","Alice Cooper","rock",1972,134,75,29,-9,68,35,"210",5,5,66
"Sir Duke","Stevie Wonder","oldies",1976,107,57,59,-10,8,95,"233",16,7,72
"Sweet Disposition","The Temper Trap","alternative",2009,129,82,53,-7,12,34,"231",7,4,64
"Born in the U.S.A.","Bruce Springsteen","rock",1984,122,95,40,-6,10,58,"279",0,6,75
"Uninvited","Alanis Morissette","alternative",2005,127,54,38,-5,9,19,"276",2,3,57
"Radar Love","Golden Earring","rock",1973,102,72,50,-9,8,18,"387",1,4,57
"Ironic","Alanis Morissette","alternative",2005,171,64,46,-6,19,29,"229",25,6,62
"Baby Can I Hold You","Tracy Chapman","folk",1988,74,42,69,-11,8,47,"193",8,3,72
"Forever Autumn","Jeff Wayne","pop",2007,122,49,35,-7,21,21,"273",47,3,41
"This Is Not America - 2002 Remaster","David Bowie","rock",2002,115,67,72,-12,5,65,"231",6,4,43
"Rhiannon","Fleetwood Mac","rock",1975,129,49,72,-15,9,80,"253",11,3,68
"Food For Thought","UB40","reggae",1980,131,53,87,-13,20,96,"250",1,8,50
"Dear Mr. President","P!nk","dance",2009,128,30,48,-9,11,30,"281",85,4,43
"Hedonism (Just Because You Feel Good)","Skunk Anansie","alternative",1996,81,54,56,-9,16,31,"207",9,3,32
"Another Brick in the Wall, Pt. 2","Pink Floyd","rock",1979,104,39,69,-16,25,72,"239",8,4,77
"(You Make Me Feel Like) A Natural Woman","Aretha Franklin","oldies",1968,111,32,65,-9,19,28,"167",21,3,69
"The Eyes of Jenny","Sandy Coast","pop",2009,119,53,68,-12,8,68,"264",34,4,44
"Counting Stars","OneRepublic","dance",2014,122,71,66,-5,12,48,"258",7,4,74
"Feel","Robbie Williams","dance",2002,98,73,60,-7,14,29,"264",1,3,72
"Here I Go Again - 2018 Remaster","Whitesnake","rock",1987,90,82,29,-7,16,24,"275",1,4,65
"Pak Maar M'n Hand","Nick & Simon","pop",2007,166,57,32,-5,11,38,"212",38,3,59
"Behind Blue Eyes","The Who","rock",1971,127,62,39,-8,9,34,"221",21,3,71
"You","Ten Sharp","pop",1991,174,90,41,-8,19,67,"273",43,3,61
"Wild Horses","The Rolling Stones","rock",1971,140,39,43,-7,8,16,"342",69,3,72
"Troy","Sinéad O'Connor","folk",1987,116,31,32,-9,44,18,"391",48,3,51
"Holding Back the Years - 2008 Remaster","Simply Red","soul",1985,86,51,71,-9,10,52,"270",58,3,68
"Bohemian Rhapsody - 2011 Mix","Queen","rock",1975,144,40,39,-10,24,23,"354",29,5,77
"Should I Stay or Should I Go - Remastered","The Clash","rock",1982,113,83,74,-6,38,82,"189",8,12,79
"The Miracle - Remastered 2011","Queen","rock",1989,92,65,48,-6,55,54,"301",16,3,33
